path,true_class,pred1_name,pred1_prob,pred2_name,pred2_prob,pred3_name,pred3_prob,pred4_name,pred4_prob,pred5_name,pred5_prob
data\african-wildcat\af (1).jpg,african-wildcat,lynx,0.9405752420425415,snow_leopard,0.021932419389486313,cougar,0.017168043181300163,lion,0.006973369047045708,leopard,0.003428566502407193
data\african-wildcat\af (10).jpg,african-wildcat,tiger,0.36823421716690063,tiger_cat,0.22352176904678345,tabby,0.18913938105106354,Egyptian_cat,0.1855686753988266,lynx,0.017014561221003532
data\african-wildcat\af (11).jpg,african-wildcat,lynx,0.7566869258880615,cougar,0.1185515746474266,tiger,0.042217403650283813,Egyptian_cat,0.019526798278093338,lion,0.019325604662299156
data\african-wildcat\af (12).jpg,african-wildcat,lynx,0.9709697961807251,tiger_cat,0.012703082524240017,Egyptian_cat,0.009917940944433212,tabby,0.0017763514770194888,leopard,0.0017711515538394451
data\african-wildcat\af (13).jpg,african-wildcat,Egyptian_cat,0.4390687942504883,lynx,0.38271650671958923,tiger_cat,0.09555428475141525,tabby,0.05887024849653244,snow_leopard,0.005538505036383867
data\african-wildcat\af (14).jpg,african-wildcat,Egyptian_cat,0.6942861080169678,grey_fox,0.09417007118463516,tabby,0.04298307001590729,tiger_cat,0.03746172785758972,lynx,0.025777632370591164
data\african-wildcat\af (15).jpg,african-wildcat,grey_fox,0.7485867738723755,kit_fox,0.12029749155044556,lynx,0.070713110268116,coyote,0.01754974015057087,red_fox,0.014425190165638924
data\african-wildcat\af (16).jpg,african-wildcat,white_wolf,0.17574283480644226,Egyptian_cat,0.14524836838245392,coyote,0.1290869563817978,timber_wolf,0.0856674537062645,tiger_cat,0.06533727794885635
data\african-wildcat\af (17).jpg,african-wildcat,coyote,0.2656760513782501,ibex,0.16344772279262543,web_site,0.037745844572782516,hare,0.028651706874370575,muzzle,0.02859787456691265
data\african-wildcat\af (18).jpg,african-wildcat,tiger_cat,0.360469788312912,lynx,0.343382865190506,Egyptian_cat,0.2502460479736328,tabby,0.025727080181241035,grey_fox,0.011297252029180527
data\african-wildcat\af (19).jpg,african-wildcat,lynx,0.43773895502090454,tiger_cat,0.321355938911438,Egyptian_cat,0.14368747174739838,tabby,0.07104706764221191,cougar,0.012067239731550217
data\african-wildcat\af (2).jpg,african-wildcat,Egyptian_cat,0.5661913156509399,lynx,0.2755911350250244,snow_leopard,0.05423203855752945,tiger_cat,0.04446250572800636,tabby,0.040952417999506
data\african-wildcat\af (20).jpg,african-wildcat,tiger_cat,0.4971272051334381,tabby,0.3042554557323456,Egyptian_cat,0.1402025669813156,lynx,0.049112629145383835,cougar,0.002270821249112487
data\african-wildcat\af (21).jpg,african-wildcat,tiger_cat,0.3080049753189087,lynx,0.10093977302312851,tabby,0.09686881303787231,Egyptian_cat,0.0960283875465393,tiger,0.0851365402340889
data\african-wildcat\af (22).jpg,african-wildcat,lynx,0.4300537705421448,Egyptian_cat,0.25762519240379333,lion,0.10914114862680435,tiger_cat,0.054274242371320724,cougar,0.03428568318486214
data\african-wildcat\af (23).jpg,african-wildcat,lynx,0.755449652671814,tiger_cat,0.07797300815582275,grey_fox,0.02731798030436039,lion,0.026759831234812737,snow_leopard,0.01918642781674862
data\african-wildcat\af (24).jpg,african-wildcat,coyote,0.40252989530563354,lynx,0.33603325486183167,grey_fox,0.14979775249958038,cougar,0.03727288916707039,timber_wolf,0.014880096539855003
data\african-wildcat\af (25).jpg,african-wildcat,tabby,0.4234318733215332,tiger_cat,0.3197231590747833,Egyptian_cat,0.20203953981399536,lynx,0.03573359176516533,Persian_cat,0.003074884880334139
data\african-wildcat\af (26).jpg,african-wildcat,lynx,0.36175450682640076,lion,0.25833192467689514,cougar,0.08163882791996002,tiger_cat,0.06749238073825836,Egyptian_cat,0.05180712416768074
data\african-wildcat\af (27).jpg,african-wildcat,lynx,0.5734726190567017,lion,0.07274051010608673,hartebeest,0.05478539317846298,tiger,0.05383874475955963,cougar,0.053327228873968124
data\african-wildcat\af (28).jpg,african-wildcat,lynx,0.56821209192276,tiger_cat,0.2251216620206833,Egyptian_cat,0.17236708104610443,tabby,0.025518886744976044,lion,0.002165925921872258
data\african-wildcat\af (29).jpg,african-wildcat,timber_wolf,0.33338984847068787,coyote,0.13758929073810577,badger,0.08563270419836044,grey_fox,0.054522741585969925,lynx,0.052879177033901215
data\african-wildcat\af (3).jpg,african-wildcat,tiger_cat,0.5319283604621887,lynx,0.24311290681362152,Egyptian_cat,0.1477869600057602,tabby,0.07399478554725647,grey_fox,0.0010842238552868366
data\african-wildcat\af (30).jpg,african-wildcat,tabby,0.4438561499118805,tiger_cat,0.43256938457489014,Egyptian_cat,0.08817730844020844,lynx,0.029933743178844452,lens_cap,0.0004982468672096729
data\african-wildcat\af (31).jpg,african-wildcat,lynx,0.5338552594184875,grey_fox,0.2147233486175537,Egyptian_cat,0.06755746155977249,coyote,0.06459849327802658,tabby,0.02120068296790123
data\african-wildcat\af (32).jpg,african-wildcat,lynx,0.3111989200115204,zebra,0.15088719129562378,hartebeest,0.10295532643795013,coyote,0.09006096422672272,tiger,0.07660692185163498
data\african-wildcat\af (33).jpg,african-wildcat,tabby,0.3085293769836426,Egyptian_cat,0.26309701800346375,tiger_cat,0.12047448009252548,plastic_bag,0.03571551293134689,radiator,0.021034346893429756
data\african-wildcat\af (34).jpg,african-wildcat,lynx,0.4385673701763153,hare,0.15738138556480408,Egyptian_cat,0.10008025914430618,wood_rabbit,0.06393064558506012,wombat,0.05344000831246376
data\african-wildcat\af (35).jpg,african-wildcat,lynx,0.7532410621643066,Egyptian_cat,0.14361318945884705,tiger_cat,0.024051427841186523,coyote,0.020971905440092087,grey_fox,0.01614031381905079
data\african-wildcat\af (36).jpg,african-wildcat,lynx,0.7113946676254272,tiger_cat,0.12539222836494446,grey_fox,0.052969690412282944,tabby,0.04205215722322464,Egyptian_cat,0.02662528306245804
data\african-wildcat\af (37).jpg,african-wildcat,lynx,0.83298259973526,cougar,0.06952297687530518,Egyptian_cat,0.019090596586465836,tiger,0.018568892031908035,snow_leopard,0.017477748915553093
data\african-wildcat\af (38).jpg,african-wildcat,Egyptian_cat,0.473753422498703,tiger_cat,0.42889291048049927,tabby,0.0890258252620697,tiger,0.0038276072591543198,lynx,0.0009076117421500385
data\african-wildcat\af (39).jpg,african-wildcat,lynx,0.33413901925086975,grey_fox,0.2297150194644928,coyote,0.09486168622970581,wood_rabbit,0.09458652138710022,red_fox,0.08156279474496841
data\african-wildcat\af (4).jpg,african-wildcat,cougar,0.6056248545646667,lynx,0.2563217878341675,hyena,0.051817379891872406,snow_leopard,0.02661607414484024,lion,0.02538936771452427
data\african-wildcat\af (40).jpg,african-wildcat,lynx,0.6357080340385437,tiger_cat,0.24193249642848969,tiger,0.04652702435851097,Egyptian_cat,0.040756940841674805,tabby,0.0238149743527174
data\african-wildcat\af (41).jpg,african-wildcat,Egyptian_cat,0.19318857789039612,grey_fox,0.16028501093387604,armadillo,0.08936575055122375,wombat,0.08501294255256653,kit_fox,0.05597725138068199
data\african-wildcat\af (42).jpg,african-wildcat,hyena,0.3898921012878418,warthog,0.21845760941505432,coyote,0.16137129068374634,zebra,0.06898490339517593,dhole,0.048316147178411484
data\african-wildcat\af (43).jpg,african-wildcat,lynx,0.695856511592865,snow_leopard,0.23807372152805328,leopard,0.023296039551496506,Egyptian_cat,0.019805246964097023,cheetah,0.015869606286287308
data\african-wildcat\af (44).jpg,african-wildcat,ibex,0.33734315633773804,wallaby,0.1753452867269516,Arabian_camel,0.14911533892154694,hare,0.07857437431812286,llama,0.0706024095416069
data\african-wildcat\af (45).jpg,african-wildcat,lynx,0.41957858204841614,tiger_cat,0.30126985907554626,Egyptian_cat,0.19231060147285461,tabby,0.07762549072504044,leopard,0.002461201511323452
data\african-wildcat\af (46).jpg,african-wildcat,Egyptian_cat,0.7282426357269287,tabby,0.17941302061080933,tiger_cat,0.05567239597439766,lynx,0.018091168254613876,snow_leopard,0.004742607474327087
data\african-wildcat\af (47).jpg,african-wildcat,Egyptian_cat,0.4592626094818115,lynx,0.3614569902420044,tiger_cat,0.10274767130613327,tabby,0.05649417266249657,tiger,0.005260342266410589
data\african-wildcat\af (48).jpg,african-wildcat,llama,0.4991344213485718,lynx,0.19906143844127655,zebra,0.0942908301949501,tiger,0.036223407834768295,hyena,0.023567764088511467
data\african-wildcat\af (49).jpg,african-wildcat,coyote,0.3606922924518585,wood_rabbit,0.241856649518013,grey_fox,0.0718243271112442,cheetah,0.06134836748242378,wombat,0.03617893531918526
data\african-wildcat\af (5).jpg,african-wildcat,lynx,0.6174628138542175,tiger,0.11892960965633392,tiger_cat,0.08958204835653305,lion,0.06426076591014862,cougar,0.05829216167330742
data\african-wildcat\af (50).jpg,african-wildcat,lynx,0.8158769011497498,lion,0.049271900206804276,Egyptian_cat,0.028557561337947845,tiger_cat,0.026126613840460777,leopard,0.02381354384124279
data\african-wildcat\af (51).jpg,african-wildcat,Egyptian_cat,0.5208869576454163,tiger_cat,0.38774025440216064,tabby,0.07891623675823212,tiger,0.0037624493706971407,lynx,0.001315232482738793
data\african-wildcat\af (52).jpg,african-wildcat,tabby,0.5981327891349792,tiger_cat,0.1373347043991089,Egyptian_cat,0.08970523625612259,lynx,0.05230138078331947,doormat,0.008593210950493813
data\african-wildcat\af (53).jpg,african-wildcat,lynx,0.6358510255813599,Egyptian_cat,0.2013302594423294,tiger_cat,0.06513821333646774,snow_leopard,0.019398454576730728,tabby,0.017202015966176987
data\african-wildcat\af (54).jpg,african-wildcat,lynx,0.7389615774154663,tiger_cat,0.18096722662448883,tabby,0.0255898404866457,Egyptian_cat,0.009419651702046394,prairie_chicken,0.00786066334694624
data\african-wildcat\af (55).jpg,african-wildcat,Egyptian_cat,0.5931690335273743,hyena,0.21140654385089874,tabby,0.07624758780002594,lynx,0.04689313471317291,tiger_cat,0.028527449816465378
data\african-wildcat\af (56).jpg,african-wildcat,coyote,0.6173815131187439,gazelle,0.1362263262271881,bighorn,0.04338813200592995,ram,0.0315212607383728,timber_wolf,0.026346974074840546
data\african-wildcat\af (57).jpg,african-wildcat,lynx,0.7689937353134155,Egyptian_cat,0.19153527915477753,tiger_cat,0.019928913563489914,tabby,0.007569798268377781,lion,0.004197866655886173
data\african-wildcat\af (58).jpg,african-wildcat,Egyptian_cat,0.6360275745391846,tiger_cat,0.15148702263832092,tabby,0.0937306210398674,lynx,0.06402464956045151,wood_rabbit,0.006779682822525501
data\african-wildcat\af (59).jpg,african-wildcat,lynx,0.8974032402038574,coyote,0.023156506940722466,grey_fox,0.021059183403849602,cougar,0.016599109396338463,Egyptian_cat,0.008131628856062889
data\african-wildcat\af (6).jpg,african-wildcat,wallaby,0.3664538264274597,grey_fox,0.33127471804618835,coyote,0.14573773741722107,fox_squirrel,0.03723781555891037,kit_fox,0.032372064888477325
data\african-wildcat\af (60).jpg,african-wildcat,badger,0.1856478452682495,grey_fox,0.17458121478557587,armadillo,0.10516607761383057,lynx,0.07898599654436111,coyote,0.04456712678074837
data\african-wildcat\af (61).jpg,african-wildcat,lynx,0.6340777277946472,Egyptian_cat,0.10540615767240524,lion,0.06565514206886292,leopard,0.047375258058309555,tiger_cat,0.04245564714074135
data\african-wildcat\af (62).jpg,african-wildcat,lynx,0.8516961932182312,grey_fox,0.06144974008202553,tiger_cat,0.033624317497015,tiger,0.017133085057139397,coyote,0.00493664899840951
data\african-wildcat\af (63).jpg,african-wildcat,wood_rabbit,0.26801905035972595,fox_squirrel,0.2375459372997284,wombat,0.13810351490974426,hare,0.1270536631345749,lynx,0.05122169852256775
data\african-wildcat\af (64).jpg,african-wildcat,badger,0.2070685476064682,wood_rabbit,0.16253414750099182,wallaby,0.10512334108352661,hare,0.0926877111196518,grey_fox,0.08863659203052521
data\african-wildcat\af (65).jpg,african-wildcat,lynx,0.987753689289093,tiger_cat,0.00442989356815815,Egyptian_cat,0.0033087681513279676,cougar,0.0017354844603687525,tabby,0.0012727385619655252
data\african-wildcat\af (66).jpg,african-wildcat,badger,0.5314022898674011,mongoose,0.15695567429065704,armadillo,0.13712143898010254,grey_fox,0.022985858842730522,coyote,0.01547249872237444
data\african-wildcat\af (67).jpg,african-wildcat,zebra,0.3786257207393646,hyena,0.21647655963897705,tiger,0.19097799062728882,African_hunting_dog,0.05199665203690529,tiger_cat,0.041189227253198624
data\african-wildcat\af (68).jpg,african-wildcat,lynx,0.48629897832870483,tiger_cat,0.22768954932689667,tabby,0.18779848515987396,Egyptian_cat,0.07385246455669403,snow_leopard,0.0062429336830973625
data\african-wildcat\af (69).jpg,african-wildcat,alp,0.147136390209198,hay,0.10702186077833176,ice_bear,0.08501837402582169,maze,0.06239505112171173,barn,0.050216950476169586
data\african-wildcat\af (7).jpg,african-wildcat,tiger_cat,0.28195369243621826,lynx,0.1521395891904831,tabby,0.1103992834687233,lion,0.1045488715171814,Egyptian_cat,0.03720269724726677
data\african-wildcat\af (70).jpg,african-wildcat,tiger_cat,0.4036068320274353,tabby,0.28720298409461975,Egyptian_cat,0.16574861109256744,lynx,0.09836731106042862,grey_fox,0.006268120836466551
data\african-wildcat\af (71).jpg,african-wildcat,tiger,0.2716912031173706,lynx,0.2131257951259613,tiger_cat,0.20506803691387177,tabby,0.10979033261537552,Egyptian_cat,0.048953622579574585
data\african-wildcat\af (72).jpg,african-wildcat,hyena,0.2726346254348755,grey_fox,0.16190867125988007,tiger,0.12674492597579956,lynx,0.11473491042852402,cougar,0.07052546739578247
data\african-wildcat\af (73).jpg,african-wildcat,wood_rabbit,0.15615569055080414,chainlink_fence,0.13626688718795776,armadillo,0.1134880855679512,grey_fox,0.0819840207695961,picket_fence,0.0449257455766201
data\african-wildcat\af (74).jpg,african-wildcat,Egyptian_cat,0.1910659819841385,white_wolf,0.13841889798641205,tiger_cat,0.09206785261631012,coyote,0.0896870568394661,timber_wolf,0.06782975047826767
data\african-wildcat\af (75).jpg,african-wildcat,lynx,0.49781543016433716,Egyptian_cat,0.2440316081047058,tiger_cat,0.10373656451702118,tabby,0.07351738959550858,tiger,0.03162423148751259
data\african-wildcat\af (76).jpg,african-wildcat,coyote,0.36512649059295654,gazelle,0.33136510848999023,ram,0.028309324756264687,bighorn,0.027934398502111435,timber_wolf,0.026278676465153694
data\african-wildcat\af (77).jpg,african-wildcat,lynx,0.810204803943634,tiger_cat,0.11101408302783966,coyote,0.022343818098306656,grey_fox,0.014776659198105335,Egyptian_cat,0.013543063774704933
data\african-wildcat\af (78).jpg,african-wildcat,lynx,0.388994038105011,coyote,0.3679382801055908,hyena,0.09365284442901611,cougar,0.05758921056985855,timber_wolf,0.02843872271478176
data\african-wildcat\af (79).jpg,african-wildcat,lynx,0.9164504408836365,Egyptian_cat,0.03930499032139778,tiger_cat,0.028457358479499817,tabby,0.0035375095903873444,grey_fox,0.0034090536646544933
data\african-wildcat\af (8).jpg,african-wildcat,tiger_cat,0.456155925989151,Egyptian_cat,0.3007388412952423,tabby,0.22446967661380768,lynx,0.004833762068301439,tiger,0.00306682288646698
data\african-wildcat\af (80).jpg,african-wildcat,lion,0.2794681787490845,ibex,0.23575696349143982,timber_wolf,0.08293957263231277,hyena,0.058239247649908066,coyote,0.05021016299724579
data\african-wildcat\af (81).jpg,african-wildcat,tiger,0.28322139382362366,lynx,0.238783061504364,cougar,0.23365798592567444,tiger_cat,0.06229283660650253,snow_leopard,0.03773296996951103
data\african-wildcat\af (82).jpg,african-wildcat,Egyptian_cat,0.3190349042415619,wallaby,0.24554745852947235,armadillo,0.09886888414621353,triceratops,0.07011041045188904,tabby,0.03230571746826172
data\african-wildcat\af (83).jpg,african-wildcat,hyena,0.2339603751897812,cheetah,0.08040326088666916,red_fox,0.06786269694566727,grey_fox,0.06677918136119843,zebra,0.05150241032242775
data\african-wildcat\af (84).jpg,african-wildcat,coyote,0.4453972280025482,grey_fox,0.16437728703022003,lynx,0.12050757557153702,timber_wolf,0.05649428814649582,cougar,0.04719185084104538
data\african-wildcat\af (85).jpg,african-wildcat,Egyptian_cat,0.5551199913024902,lynx,0.10655518621206284,wallaby,0.078401118516922,hare,0.048584870994091034,grey_fox,0.025352051481604576
data\african-wildcat\af (86).jpg,african-wildcat,tiger_cat,0.5410586595535278,lynx,0.24242310225963593,Egyptian_cat,0.11104581505060196,tabby,0.07380552589893341,lion,0.006185834761708975
data\african-wildcat\af (87).jpg,african-wildcat,lion,0.2872445583343506,lynx,0.19763128459453583,leopard,0.17977362871170044,fox_squirrel,0.11220180988311768,snow_leopard,0.060227759182453156
data\african-wildcat\af (88).jpg,african-wildcat,tiger_cat,0.32258644700050354,tiger,0.25682705640792847,Egyptian_cat,0.1782144010066986,tabby,0.07300607860088348,cougar,0.06604978442192078
data\african-wildcat\af (89).jpg,african-wildcat,wallaby,0.5219221711158752,lynx,0.1300853043794632,grey_fox,0.10510885715484619,hare,0.06934098899364471,coyote,0.04386728256940842
data\african-wildcat\af (9).jpg,african-wildcat,hyena,0.4312574565410614,coyote,0.17302468419075012,warthog,0.1503879725933075,zebra,0.10289239138364792,dhole,0.03802511841058731
data\african-wildcat\af (90).jpg,african-wildcat,lynx,0.7702226638793945,lion,0.10742733627557755,cougar,0.06763208657503128,grey_fox,0.011405352503061295,tiger_cat,0.004189097788184881
data\african-wildcat\af (91).jpg,african-wildcat,Egyptian_cat,0.6324535608291626,tabby,0.20687173306941986,tiger_cat,0.13077543675899506,lynx,0.009025586768984795,meerkat,0.005144444294273853
data\blackfoot-cat\bc (1).jpg,blackfoot-cat,Egyptian_cat,0.4288475513458252,tiger_cat,0.3665633797645569,tabby,0.09785176068544388,tiger,0.028449803590774536,jaguar,0.015216786414384842
data\blackfoot-cat\bc (10).jpg,blackfoot-cat,jaguar,0.24384808540344238,Egyptian_cat,0.09803427755832672,tabby,0.04800403490662575,leopard,0.045713867992162704,common_iguana,0.03976660594344139
data\blackfoot-cat\bc (11).jpg,blackfoot-cat,Egyptian_cat,0.36612221598625183,snow_leopard,0.2506408393383026,tiger_cat,0.14451326429843903,tabby,0.08194954693317413,jaguar,0.04162263125181198
data\blackfoot-cat\bc (12).jpg,blackfoot-cat,Egyptian_cat,0.36140090227127075,lynx,0.2235971987247467,tiger_cat,0.16186602413654327,snow_leopard,0.12305466830730438,tabby,0.06747187674045563
data\blackfoot-cat\bc (13).jpg,blackfoot-cat,Egyptian_cat,0.4338094890117645,tabby,0.27941614389419556,tiger_cat,0.17995096743106842,tiger,0.040427837520837784,snow_leopard,0.02394767291843891
data\blackfoot-cat\bc (14).jpg,blackfoot-cat,snow_leopard,0.4848386347293854,lynx,0.2919594347476959,cheetah,0.05722034350037575,leopard,0.03913753479719162,hyena,0.026371845975518227
data\blackfoot-cat\bc (15).jpg,blackfoot-cat,Egyptian_cat,0.7242318391799927,tabby,0.09458044916391373,lynx,0.06185447797179222,snow_leopard,0.055426113307476044,tiger_cat,0.030366431921720505
data\blackfoot-cat\bc (16).jpg,blackfoot-cat,Egyptian_cat,0.684217095375061,tabby,0.15205106139183044,snow_leopard,0.05553499609231949,lynx,0.04150756075978279,tiger_cat,0.03754042834043503
data\blackfoot-cat\bc (17).jpg,blackfoot-cat,tiger_cat,0.496818870306015,tabby,0.24066303670406342,Egyptian_cat,0.1344362199306488,lynx,0.08904796838760376,leopard,0.017955247312784195
data\blackfoot-cat\bc (18).jpg,blackfoot-cat,tiger_cat,0.3033905625343323,lynx,0.21513569355010986,tabby,0.15543879568576813,snow_leopard,0.12845151126384735,Egyptian_cat,0.08400942385196686
data\blackfoot-cat\bc (19).jpg,blackfoot-cat,hyena,0.8443612456321716,snow_leopard,0.052267756313085556,cheetah,0.03207828849554062,jaguar,0.027452541515231133,leopard,0.024540800601243973
data\blackfoot-cat\bc (2).jpg,blackfoot-cat,tiger_cat,0.619747519493103,Egyptian_cat,0.24462388455867767,tabby,0.07740658521652222,tiger,0.02574116177856922,lynx,0.005323273595422506
data\blackfoot-cat\bc (20).jpg,blackfoot-cat,hyena,0.5507588386535645,snow_leopard,0.08652427792549133,tabby,0.04519873857498169,tiger_cat,0.03481191769242287,Egyptian_cat,0.032405752688646317
data\blackfoot-cat\bc (21).jpg,blackfoot-cat,Egyptian_cat,0.3083333671092987,tiger_cat,0.28703781962394714,tabby,0.23208950459957123,snow_leopard,0.04452650994062424,tiger,0.04191148281097412
data\blackfoot-cat\bc (22).jpg,blackfoot-cat,tiger_cat,0.5435485243797302,lynx,0.16830851137638092,tiger,0.11949983984231949,tabby,0.05324873700737953,leopard,0.041573308408260345
data\blackfoot-cat\bc (23).jpg,blackfoot-cat,snow_leopard,0.5623172521591187,hyena,0.17137804627418518,Egyptian_cat,0.08701514452695847,leopard,0.06755466014146805,jaguar,0.04559691995382309
data\blackfoot-cat\bc (24).jpg,blackfoot-cat,hyena,0.8270447254180908,cheetah,0.11555688828229904,snow_leopard,0.017494933679699898,Egyptian_cat,0.011377288028597832,tiger,0.008319485932588577
data\blackfoot-cat\bc (25).jpg,blackfoot-cat,tiger_cat,0.8292850255966187,Egyptian_cat,0.057734932750463486,lynx,0.05188916623592377,tabby,0.043458838015794754,tiger,0.012292617931962013
data\blackfoot-cat\bc (26).jpg,blackfoot-cat,tiger_cat,0.3639189898967743,lynx,0.2951538562774658,tabby,0.20843569934368134,tiger,0.0857369676232338,Egyptian_cat,0.013349027372896671
data\blackfoot-cat\bc (27).jpg,blackfoot-cat,snow_leopard,0.43596628308296204,Egyptian_cat,0.21546564996242523,lynx,0.19610831141471863,tabby,0.06055872142314911,leopard,0.04129108786582947
data\blackfoot-cat\bc (28).jpg,blackfoot-cat,tiger_cat,0.29869434237480164,tabby,0.19621574878692627,Egyptian_cat,0.19582988321781158,tiger,0.12736403942108154,lynx,0.12491894513368607
data\blackfoot-cat\bc (29).jpg,blackfoot-cat,Egyptian_cat,0.5990639328956604,lynx,0.16112934052944183,leopard,0.07337865233421326,snow_leopard,0.06770467758178711,tabby,0.04349975287914276
data\blackfoot-cat\bc (3).jpg,blackfoot-cat,cheetah,0.45945706963539124,hyena,0.21849146485328674,snow_leopard,0.20764091610908508,leopard,0.09402381628751755,jaguar,0.005536166951060295
data\blackfoot-cat\bc (30).jpg,blackfoot-cat,hyena,0.3526787757873535,cheetah,0.16634392738342285,tiger,0.1581544131040573,tiger_cat,0.15025785565376282,zebra,0.04961924999952316
data\blackfoot-cat\bc (31).jpg,blackfoot-cat,tiger,0.4495977461338043,jaguar,0.1334197223186493,snow_leopard,0.09509468078613281,zebra,0.07086152583360672,hyena,0.06208185851573944
data\blackfoot-cat\bc (32).jpg,blackfoot-cat,shield,0.14672379195690155,toilet_seat,0.08545583486557007,barrel,0.06436905264854431,vault,0.04369596391916275,jack-o'-lantern,0.032470330595970154
data\blackfoot-cat\bc (33).jpg,blackfoot-cat,television,0.2551705539226532,book_jacket,0.12984217703342438,tabby,0.09676486253738403,tiger_cat,0.08973539620637894,screen,0.07954476773738861
data\blackfoot-cat\bc (34).jpg,blackfoot-cat,Egyptian_cat,0.3021164536476135,tiger_cat,0.22409720718860626,tabby,0.17759068310260773,lynx,0.14446988701820374,snow_leopard,0.04499068856239319
data\blackfoot-cat\bc (35).jpg,blackfoot-cat,lynx,0.8282658457756042,tiger,0.09089015424251556,tiger_cat,0.036920856684446335,tabby,0.016075458377599716,Egyptian_cat,0.011057659983634949
data\blackfoot-cat\bc (36).jpg,blackfoot-cat,Egyptian_cat,0.865571916103363,tabby,0.061502717435359955,tiger_cat,0.04367409646511078,lynx,0.013565768487751484,snow_leopard,0.007202134933322668
data\blackfoot-cat\bc (37).jpg,blackfoot-cat,lynx,0.7341187000274658,snow_leopard,0.10364789515733719,tiger_cat,0.04917219281196594,leopard,0.03387710079550743,tabby,0.030955960974097252
data\blackfoot-cat\bc (38).jpg,blackfoot-cat,snow_leopard,0.4370209872722626,Egyptian_cat,0.3581846058368683,hyena,0.0544825941324234,tiger_cat,0.04508932679891586,leopard,0.02475009299814701
data\blackfoot-cat\bc (39).jpg,blackfoot-cat,leopard,0.3883630037307739,cheetah,0.3591311573982239,snow_leopard,0.1341848522424698,hyena,0.05179748311638832,jaguar,0.03857894986867905
data\blackfoot-cat\bc (4).jpg,blackfoot-cat,hyena,0.523403525352478,cheetah,0.1688055843114853,zebra,0.0755625069141388,Egyptian_cat,0.056187789887189865,snow_leopard,0.046649020165205
data\blackfoot-cat\bc (40).jpg,blackfoot-cat,cheetah,0.21128913760185242,tiger,0.1964941918849945,snow_leopard,0.13349485397338867,leopard,0.1132611408829689,hyena,0.0969138890504837
data\blackfoot-cat\bc (41).jpg,blackfoot-cat,snow_leopard,0.1742628812789917,jaguar,0.15713533759117126,hyena,0.1473667323589325,Egyptian_cat,0.1355464905500412,tiger_cat,0.12741348147392273
data\blackfoot-cat\bc (42).jpg,blackfoot-cat,snow_leopard,0.6175470352172852,leopard,0.1116543635725975,lynx,0.11147689074277878,jaguar,0.05551645904779434,Egyptian_cat,0.0514870211482048
data\blackfoot-cat\bc (43).jpg,blackfoot-cat,cheetah,0.20963817834854126,leopard,0.20759020745754242,zebra,0.19746436178684235,jaguar,0.1757012903690338,tiger,0.1164821907877922
data\blackfoot-cat\bc (44).jpg,blackfoot-cat,tabby,0.7499362826347351,tiger_cat,0.1364796757698059,Egyptian_cat,0.10751394927501678,lynx,0.0023076487705111504,tiger,0.0011114813387393951
data\blackfoot-cat\bc (45).jpg,blackfoot-cat,jaguar,0.30955979228019714,leopard,0.26434653997421265,snow_leopard,0.17327161133289337,cheetah,0.10834956914186478,Egyptian_cat,0.08042179048061371
data\blackfoot-cat\bc (46).jpg,blackfoot-cat,snow_leopard,0.46076902747154236,leopard,0.16993801295757294,jaguar,0.09457562118768692,lynx,0.0904918685555458,Egyptian_cat,0.056115493178367615
data\blackfoot-cat\bc (47).jpg,blackfoot-cat,Egyptian_cat,0.8563010096549988,lynx,0.0706503689289093,tabby,0.030686961486935616,tiger_cat,0.020897535607218742,snow_leopard,0.0057846796698868275
data\blackfoot-cat\bc (48).jpg,blackfoot-cat,snow_leopard,0.4040432870388031,cheetah,0.3458256423473358,jaguar,0.1002858430147171,leopard,0.03884740546345711,lynx,0.03197408467531204
data\blackfoot-cat\bc (49).jpg,blackfoot-cat,hyena,0.5666502714157104,cheetah,0.18932141363620758,zebra,0.05325108766555786,snow_leopard,0.04963025823235512,tiger,0.03215896710753441
data\blackfoot-cat\bc (5).jpg,blackfoot-cat,tabby,0.31886473298072815,tiger,0.2704291343688965,tiger_cat,0.21106770634651184,Egyptian_cat,0.1512484848499298,jaguar,0.015058922581374645
data\blackfoot-cat\bc (50).jpg,blackfoot-cat,jaguar,0.3081704378128052,snow_leopard,0.23239997029304504,leopard,0.04905921220779419,cheetah,0.0380028672516346,toaster,0.033700939267873764
data\blackfoot-cat\bc (51).jpg,blackfoot-cat,tabby,0.5783711075782776,tiger_cat,0.2784779369831085,Egyptian_cat,0.09047306329011917,lynx,0.024157151579856873,tiger,0.01444967556744814
data\blackfoot-cat\bc (52).jpg,blackfoot-cat,tiger_cat,0.4836421608924866,tiger,0.18615470826625824,Egyptian_cat,0.09367215633392334,tabby,0.08472943305969238,hyena,0.03289701044559479
data\blackfoot-cat\bc (53).jpg,blackfoot-cat,hyena,0.40135812759399414,snow_leopard,0.15239620208740234,Egyptian_cat,0.14937706291675568,tiger_cat,0.0865371823310852,tiger,0.06220996752381325
data\blackfoot-cat\bc (54).jpg,blackfoot-cat,tiger_cat,0.7838088274002075,tiger,0.11359243839979172,tabby,0.08096089214086533,Egyptian_cat,0.014231394976377487,lynx,0.006206933408975601
data\blackfoot-cat\bc (55).jpg,blackfoot-cat,snow_leopard,0.20793601870536804,tiger_cat,0.20175080001354218,tiger,0.1530689299106598,leopard,0.14572547376155853,cheetah,0.0713961273431778
data\blackfoot-cat\bc (56).jpg,blackfoot-cat,snow_leopard,0.5056961178779602,jaguar,0.09854574501514435,hyena,0.08446574956178665,Egyptian_cat,0.05292640998959541,leopard,0.04529076814651489
data\blackfoot-cat\bc (57).jpg,blackfoot-cat,tabby,0.7510960698127747,tiger_cat,0.23205798864364624,Egyptian_cat,0.007182266563177109,Persian_cat,0.003598522860556841,lynx,0.0027646117378026247
data\blackfoot-cat\bc (58).jpg,blackfoot-cat,Egyptian_cat,0.7561983466148376,tiger_cat,0.09892117232084274,tabby,0.08181557804346085,snow_leopard,0.021862821653485298,tiger,0.019702592864632607
data\blackfoot-cat\bc (59).jpg,blackfoot-cat,Egyptian_cat,0.44494032859802246,tiger_cat,0.33748388290405273,tabby,0.08114495873451233,tiger,0.03937156870961189,snow_leopard,0.029067065566778183
data\blackfoot-cat\bc (6).jpg,blackfoot-cat,Egyptian_cat,0.36556193232536316,tabby,0.19963647425174713,tiger_cat,0.19723275303840637,snow_leopard,0.16896134614944458,lynx,0.043650072067976
data\blackfoot-cat\bc (60).jpg,blackfoot-cat,snow_leopard,0.3389172852039337,Egyptian_cat,0.2833172380924225,lynx,0.17555418610572815,leopard,0.09566640853881836,tabby,0.02865646965801716
data\blackfoot-cat\bc (61).jpg,blackfoot-cat,Egyptian_cat,0.6853678822517395,tiger_cat,0.10003203898668289,tabby,0.0639730840921402,lynx,0.05654517561197281,leopard,0.03412190079689026
data\blackfoot-cat\bc (62).jpg,blackfoot-cat,Egyptian_cat,0.6149548292160034,tabby,0.24745847284793854,tiger_cat,0.13051927089691162,tiger,0.0025884846691042185,lynx,0.0015827604802325368
data\blackfoot-cat\bc (63).jpg,blackfoot-cat,tiger,0.34603577852249146,tabby,0.2539513409137726,tiger_cat,0.2067137062549591,Egyptian_cat,0.14626428484916687,jaguar,0.0157069843262434
data\blackfoot-cat\bc (64).jpg,blackfoot-cat,tiger_cat,0.45445773005485535,tabby,0.37114083766937256,Egyptian_cat,0.1383727490901947,tiger,0.017676007002592087,lynx,0.012727834284305573
data\blackfoot-cat\bc (65).jpg,blackfoot-cat,lynx,0.5907138586044312,tiger_cat,0.18247181177139282,snow_leopard,0.07443784177303314,tabby,0.05733473598957062,tiger,0.044985082000494
data\blackfoot-cat\bc (66).jpg,blackfoot-cat,Egyptian_cat,0.8824637532234192,tiger_cat,0.04191610589623451,tabby,0.0317702516913414,lynx,0.01008640881627798,snow_leopard,0.005871945060789585
data\blackfoot-cat\bc (67).jpg,blackfoot-cat,tiger,0.4637439250946045,leopard,0.14093181490898132,zebra,0.11080870777368546,tiger_cat,0.10935743898153305,cheetah,0.0691431537270546
data\blackfoot-cat\bc (68).jpg,blackfoot-cat,lynx,0.3862609267234802,tiger_cat,0.27770116925239563,tabby,0.1467498242855072,Egyptian_cat,0.09856357425451279,tiger,0.02983408421278
data\blackfoot-cat\bc (69).jpg,blackfoot-cat,tiger_cat,0.6177127957344055,tabby,0.260322242975235,Egyptian_cat,0.12173721939325333,lynx,6.167908577481285e-05,swab,3.178593760821968e-05
data\blackfoot-cat\bc (7).jpg,blackfoot-cat,hyena,0.8826718926429749,cheetah,0.07911189645528793,snow_leopard,0.02627081610262394,leopard,0.006014685146510601,African_hunting_dog,0.003380254842340946
data\blackfoot-cat\bc (70).jpg,blackfoot-cat,tabby,0.42005038261413574,tiger_cat,0.3700333535671234,Egyptian_cat,0.08065790683031082,lynx,0.039377324283123016,snow_leopard,0.007210216950625181
data\blackfoot-cat\bc (71).jpg,blackfoot-cat,hyena,0.47004610300064087,snow_leopard,0.41397398710250854,lynx,0.040157828480005264,cheetah,0.03071821853518486,leopard,0.019870318472385406
data\blackfoot-cat\bc (72).jpg,blackfoot-cat,tabby,0.3466435670852661,Egyptian_cat,0.31225794553756714,lynx,0.18073533475399017,tiger_cat,0.12053092569112778,snow_leopard,0.008200300857424736
data\blackfoot-cat\bc (73).jpg,blackfoot-cat,tabby,0.31361597776412964,tiger_cat,0.2931619882583618,lynx,0.14262361824512482,Egyptian_cat,0.07460108399391174,leopard,0.054476410150527954
data\blackfoot-cat\bc (74).jpg,blackfoot-cat,tiger_cat,0.6330493688583374,tabby,0.25974518060684204,Egyptian_cat,0.08927199989557266,tiger,0.006941774394363165,lynx,0.002153820125386119
data\blackfoot-cat\bc (75).jpg,blackfoot-cat,snow_leopard,0.34238019585609436,hyena,0.2219921201467514,Egyptian_cat,0.12410163134336472,cheetah,0.08756598085165024,leopard,0.07086359709501266
data\blackfoot-cat\bc (76).jpg,blackfoot-cat,tiger,0.5645723938941956,leopard,0.1716284155845642,lynx,0.07849550247192383,tiger_cat,0.06796135753393173,snow_leopard,0.03450093790888786
data\blackfoot-cat\bc (77).jpg,blackfoot-cat,lynx,0.5503904223442078,snow_leopard,0.1798507422208786,Egyptian_cat,0.08241038769483566,tiger_cat,0.059692565351724625,jaguar,0.04476296529173851
data\blackfoot-cat\bc (78).jpg,blackfoot-cat,snow_leopard,0.211735799908638,tiger,0.1584547460079193,hyena,0.14756906032562256,lynx,0.14463190734386444,tabby,0.09827519208192825
data\blackfoot-cat\bc (79).jpg,blackfoot-cat,tabby,0.26394277811050415,lynx,0.24204078316688538,tiger_cat,0.16581732034683228,Egyptian_cat,0.08693117648363113,snow_leopard,0.08000115305185318
data\blackfoot-cat\bc (8).jpg,blackfoot-cat,snow_leopard,0.5658872127532959,leopard,0.10840123146772385,lynx,0.08489453047513962,tiger_cat,0.059800755232572556,Egyptian_cat,0.04353560879826546
data\blackfoot-cat\bc (9).jpg,blackfoot-cat,tiger_cat,0.2177790403366089,tiger,0.20815569162368774,leopard,0.16906307637691498,snow_leopard,0.1361619532108307,jaguar,0.09310966730117798
data\chinese-mountain-cat\ch (1).jpg,chinese-mountain-cat,wood_rabbit,0.4341944754123688,hare,0.1695755273103714,coyote,0.0898112878203392,mongoose,0.07020172476768494,warthog,0.06159579008817673
data\chinese-mountain-cat\ch (10).jpg,chinese-mountain-cat,lynx,0.9226413369178772,wallaby,0.02384885773062706,hare,0.021174143999814987,wood_rabbit,0.019490543752908707,Egyptian_cat,0.003597073256969452
data\chinese-mountain-cat\ch (11).jpg,chinese-mountain-cat,wombat,0.9485171437263489,lynx,0.012146605178713799,timber_wolf,0.0053168488666415215,lion,0.004912074655294418,mink,0.0035794491413980722
data\chinese-mountain-cat\ch (12).jpg,chinese-mountain-cat,coyote,0.630386471748352,grey_fox,0.31225326657295227,red_wolf,0.02316616103053093,kit_fox,0.013959814794361591,red_fox,0.008925560861825943
data\chinese-mountain-cat\ch (13).jpg,chinese-mountain-cat,thatch,0.8057877421379089,grey_fox,0.035698194056749344,bighorn,0.02047044411301613,coyote,0.01506479550153017,badger,0.013515357859432697
data\chinese-mountain-cat\ch (14).jpg,chinese-mountain-cat,lynx,0.5031268000602722,wood_rabbit,0.0947854220867157,coyote,0.06406539678573608,hare,0.05192865803837776,fox_squirrel,0.048811085522174835
data\chinese-mountain-cat\ch (15).jpg,chinese-mountain-cat,wombat,0.9121984839439392,badger,0.03373662009835243,lynx,0.010400519706308842,grey_fox,0.009841475635766983,coyote,0.003430283162742853
data\chinese-mountain-cat\ch (16).jpg,chinese-mountain-cat,wood_rabbit,0.6531202793121338,hare,0.21332630515098572,mongoose,0.0981573686003685,wallaby,0.01665019616484642,fox_squirrel,0.006229525897651911
data\chinese-mountain-cat\ch (17).jpg,chinese-mountain-cat,coyote,0.8237674236297607,grey_fox,0.06458006799221039,lynx,0.06148149445652962,timber_wolf,0.027854271233081818,tabby,0.0037146678660064936
data\chinese-mountain-cat\ch (18).jpg,chinese-mountain-cat,lynx,0.8953830003738403,tiger_cat,0.08028293401002884,tabby,0.018778372555971146,Egyptian_cat,0.003942125476896763,lion,0.0007187186856754124
data\chinese-mountain-cat\ch (19).jpg,chinese-mountain-cat,mongoose,0.5862975120544434,meerkat,0.14024317264556885,wood_rabbit,0.09650049358606339,hare,0.05433037132024765,wallaby,0.03343680500984192
data\chinese-mountain-cat\ch (2).jpg,chinese-mountain-cat,wallaby,0.860378623008728,coyote,0.04769578203558922,hare,0.03756767883896828,wood_rabbit,0.019327251240611076,kit_fox,0.009809746406972408
data\chinese-mountain-cat\ch (20).jpg,chinese-mountain-cat,lynx,0.9226413369178772,wallaby,0.02384885773062706,hare,0.021174143999814987,wood_rabbit,0.019490543752908707,Egyptian_cat,0.003597073256969452
data\chinese-mountain-cat\ch (21).jpg,chinese-mountain-cat,shopping_basket,0.9568853378295898,cradle,0.009800715371966362,mink,0.008490114472806454,hamper,0.007752737496048212,shopping_cart,0.0030991979874670506
data\chinese-mountain-cat\ch (22).jpg,chinese-mountain-cat,lynx,0.9447231888771057,tiger_cat,0.03801026940345764,tabby,0.0075383493676781654,cougar,0.0021625717636197805,lion,0.0018409608164802194
data\chinese-mountain-cat\ch (23).jpg,chinese-mountain-cat,tiger_cat,0.4061180055141449,Egyptian_cat,0.22955800592899323,tabby,0.2007531076669693,lynx,0.09350856393575668,tiger,0.025304310023784637
data\chinese-mountain-cat\ch (24).jpg,chinese-mountain-cat,tiger_cat,0.6256688237190247,lynx,0.14293040335178375,Egyptian_cat,0.09600900858640671,tabby,0.07771696150302887,cougar,0.02959199994802475
data\chinese-mountain-cat\ch (25).jpg,chinese-mountain-cat,wood_rabbit,0.6051408052444458,hare,0.20831257104873657,coyote,0.14932303130626678,kit_fox,0.018548201769590378,grey_fox,0.014163551852107048
data\chinese-mountain-cat\ch (26).jpg,chinese-mountain-cat,tabby,0.4122859835624695,carton,0.20900173485279083,tiger_cat,0.09607301652431488,crate,0.07921275496482849,doormat,0.033712100237607956
data\chinese-mountain-cat\ch (27).jpg,chinese-mountain-cat,window_screen,0.6817329525947571,fox_squirrel,0.11783541738986969,tabby,0.05111997202038765,Madagascar_cat,0.024465370923280716,Persian_cat,0.01639804244041443
data\chinese-mountain-cat\ch (28).jpg,chinese-mountain-cat,lynx,0.5987695455551147,Egyptian_cat,0.330858051776886,red_fox,0.03923403099179268,tiger_cat,0.01271799299865961,kit_fox,0.008337068371474743
data\chinese-mountain-cat\ch (29).jpg,chinese-mountain-cat,lynx,0.59447181224823,tabby,0.20885761082172394,tiger_cat,0.0647246390581131,lion,0.022271007299423218,cougar,0.018873140215873718
data\chinese-mountain-cat\ch (3).jpg,chinese-mountain-cat,tabby,0.3346394896507263,prison,0.1879805028438568,Egyptian_cat,0.09472322463989258,tiger_cat,0.06345156580209732,window_screen,0.060864612460136414
data\chinese-mountain-cat\ch (30).jpg,chinese-mountain-cat,African_crocodile,0.2510409951210022,bullfrog,0.1695449948310852,wood_rabbit,0.07950006425380707,tailed_frog,0.06226947158575058,hare,0.04887721687555313
data\chinese-mountain-cat\ch (31).jpg,chinese-mountain-cat,lynx,0.5075538754463196,lion,0.03665284067392349,fur_coat,0.026461681351065636,kit_fox,0.021613305434584618,tabby,0.0212785042822361
data\chinese-mountain-cat\ch (32).jpg,chinese-mountain-cat,lynx,0.6472100615501404,tabby,0.12558183073997498,tiger_cat,0.058715783059597015,lion,0.03147987276315689,cougar,0.0296116191893816
data\chinese-mountain-cat\ch (33).jpg,chinese-mountain-cat,lynx,0.557076632976532,tiger_cat,0.17235258221626282,tabby,0.1327599436044693,Egyptian_cat,0.09962110966444016,window_screen,0.009248929098248482
data\chinese-mountain-cat\ch (34).jpg,chinese-mountain-cat,wombat,0.3213445544242859,lynx,0.2772359251976013,lion,0.13596828281879425,hare,0.060180410742759705,cougar,0.02082446590065956
data\chinese-mountain-cat\ch (35).jpg,chinese-mountain-cat,lynx,0.6082175970077515,tiger_cat,0.29129964113235474,tabby,0.04991854727268219,Egyptian_cat,0.033782340586185455,lion,0.0045724837109446526
data\chinese-mountain-cat\ch (36).jpg,chinese-mountain-cat,Airedale,0.16398346424102783,wood_rabbit,0.12480749934911728,Irish_terrier,0.04847286269068718,cairn,0.04624364525079727,hare,0.04355579987168312
data\chinese-mountain-cat\ch (37).jpg,chinese-mountain-cat,lynx,0.9518702626228333,lion,0.04227055609226227,snow_leopard,0.0016865447396412492,wombat,0.0006792289204895496,tiger_cat,0.0006746472790837288
data\chinese-mountain-cat\ch (38).jpg,chinese-mountain-cat,lynx,0.4916553497314453,wombat,0.09027033299207687,tabby,0.07677152752876282,fox_squirrel,0.034944452345371246,great_grey_owl,0.03239341080188751
data\chinese-mountain-cat\ch (39).jpg,chinese-mountain-cat,wood_rabbit,0.6979879140853882,hare,0.21141155064105988,coyote,0.062358349561691284,kit_fox,0.01004812028259039,grey_fox,0.008118211291730404
data\chinese-mountain-cat\ch (4).jpg,chinese-mountain-cat,komondor,0.4265671372413635,hay,0.22139279544353485,tiger_cat,0.04866109788417816,tiger,0.04570227488875389,Norwich_terrier,0.045036401599645615
data\chinese-mountain-cat\ch (40).jpg,chinese-mountain-cat,lynx,0.9445464611053467,tiger_cat,0.023436322808265686,tabby,0.022832544520497322,Persian_cat,0.006270087324082851,lion,0.0012304314877837896
data\chinese-mountain-cat\ch (41).jpg,chinese-mountain-cat,lynx,0.9499881267547607,tiger_cat,0.016819287091493607,tabby,0.010048775002360344,Egyptian_cat,0.005844635423272848,lion,0.004481963813304901
data\chinese-mountain-cat\ch (42).jpg,chinese-mountain-cat,grey_fox,0.14075405895709991,thatch,0.1381712406873703,badger,0.11753197759389877,armadillo,0.09941285848617554,wild_boar,0.09374230355024338
data\chinese-mountain-cat\ch (5).jpg,chinese-mountain-cat,lynx,0.5366412401199341,tabby,0.23545753955841064,Egyptian_cat,0.0986071452498436,lion,0.0560385063290596,tiger_cat,0.04173684120178223
data\chinese-mountain-cat\ch (6).jpg,chinese-mountain-cat,snow_leopard,0.45303866267204285,lynx,0.3734445869922638,great_grey_owl,0.05405174195766449,leopard,0.04758775979280472,Egyptian_cat,0.015149435959756374
data\chinese-mountain-cat\ch (7).jpg,chinese-mountain-cat,wood_rabbit,0.5565536618232727,West_Highland_white_terrier,0.14026686549186707,grey_fox,0.061228226870298386,coyote,0.036917299032211304,French_bulldog,0.028026631101965904
data\chinese-mountain-cat\ch (8).jpg,chinese-mountain-cat,komondor,0.6834368705749512,hay,0.1706966757774353,Norwich_terrier,0.04375357925891876,Norfolk_terrier,0.01852664165198803,Egyptian_cat,0.012744436040520668
data\chinese-mountain-cat\ch (9).jpg,chinese-mountain-cat,tabby,0.3520883321762085,carton,0.21412724256515503,crate,0.1813918799161911,tiger_cat,0.08321953564882278,Egyptian_cat,0.037687867879867554
data\domestic-cat\dc (1).jpg,domestic-cat,tiger,0.598726212978363,tiger_cat,0.25933659076690674,cheetah,0.03218129277229309,lynx,0.02285626344382763,snow_leopard,0.016300024464726448
data\domestic-cat\dc (10).jpg,domestic-cat,tiger_cat,0.327749639749527,tabby,0.3179616630077362,tiger,0.1309179961681366,snow_leopard,0.06927678734064102,lynx,0.053737252950668335
data\domestic-cat\dc (11).jpg,domestic-cat,tiger_cat,0.5869439244270325,tabby,0.3277347683906555,Egyptian_cat,0.012480494566261768,lynx,0.0051007745787501335,television,0.0045353625901043415
data\domestic-cat\dc (12).jpg,domestic-cat,skunk,0.40623271465301514,Border_collie,0.1067207083106041,Pembroke,0.03865431621670723,Egyptian_cat,0.03057246468961239,weasel,0.024171646684408188
data\domestic-cat\dc (13).jpg,domestic-cat,lynx,0.4423716068267822,tiger_cat,0.37927210330963135,Egyptian_cat,0.13107730448246002,tabby,0.03287603333592415,grey_fox,0.004200738389045
data\domestic-cat\dc (14).jpg,domestic-cat,tabby,0.4415406882762909,tiger_cat,0.2889617383480072,lynx,0.1554819792509079,Egyptian_cat,0.09375667572021484,bucket,0.0013708464102819562
data\domestic-cat\dc (15).jpg,domestic-cat,tiger_cat,0.542034924030304,tabby,0.4084804356098175,Egyptian_cat,0.042918771505355835,tiger,0.003951975144445896,lynx,0.001610546256415546
data\domestic-cat\dc (16).jpg,domestic-cat,Egyptian_cat,0.6836081147193909,tabby,0.17210745811462402,tiger_cat,0.07109677046537399,lynx,0.010297494940459728,Persian_cat,0.009396357461810112
data\domestic-cat\dc (17).jpg,domestic-cat,lynx,0.32387715578079224,tabby,0.30277588963508606,Egyptian_cat,0.11018189042806625,tiger_cat,0.09861750155687332,tiger,0.06242916360497475
data\domestic-cat\dc (18).jpg,domestic-cat,Egyptian_cat,0.7994567155838013,tabby,0.1701725870370865,tiger_cat,0.011010670103132725,lynx,0.008395879529416561,snow_leopard,0.0014749804977327585
data\domestic-cat\dc (19).jpg,domestic-cat,Egyptian_cat,0.97935551404953,tabby,0.016365056857466698,tiger_cat,0.002177838934585452,plastic_bag,0.0006491625681519508,lynx,0.00034547527320683
data\domestic-cat\dc (2).jpg,domestic-cat,fox_squirrel,0.41508108377456665,wallaby,0.1649276465177536,grey_fox,0.12031970918178558,lynx,0.06687113642692566,kit_fox,0.04752757400274277
data\domestic-cat\dc (20).jpg,domestic-cat,Egyptian_cat,0.7387562990188599,tabby,0.1782805174589157,tiger_cat,0.058334384113550186,lynx,0.023499712347984314,plastic_bag,0.00020194803073536605
data\domestic-cat\dc (21).jpg,domestic-cat,hyena,0.3249450623989105,snow_leopard,0.18285149335861206,lynx,0.12113083899021149,meerkat,0.06238754466176033,leopard,0.041005685925483704
data\domestic-cat\dc (22).jpg,domestic-cat,lion,0.7366137504577637,cougar,0.06887857615947723,hyena,0.047847989946603775,lynx,0.02930685691535473,doormat,0.011416411958634853
data\domestic-cat\dc (23).jpg,domestic-cat,Egyptian_cat,0.5457441806793213,tabby,0.06610634177923203,bucket,0.055353932082653046,shower_curtain,0.03636927157640457,plastic_bag,0.03149181231856346
data\domestic-cat\dc (24).jpg,domestic-cat,tiger_cat,0.7227013111114502,Egyptian_cat,0.17759470641613007,tabby,0.059366971254348755,lynx,0.022368064150214195,tiger,0.008896161802113056
data\domestic-cat\dc (25).jpg,domestic-cat,lynx,0.38752037286758423,tiger_cat,0.1908218115568161,tabby,0.1624475121498108,Egyptian_cat,0.1200910359621048,fox_squirrel,0.060329098254442215
data\domestic-cat\dc (26).jpg,domestic-cat,titi,0.1498560905456543,hyena,0.09036344289779663,marmoset,0.075551338493824,lynx,0.06467608362436295,meerkat,0.056832410395145416
data\domestic-cat\dc (27).jpg,domestic-cat,tabby,0.5085019469261169,tiger_cat,0.22255940735340118,lynx,0.13125309348106384,Egyptian_cat,0.1096649095416069,bucket,0.0019324885215610266
data\domestic-cat\dc (28).jpg,domestic-cat,Egyptian_cat,0.6179696917533875,tabby,0.19511595368385315,tiger_cat,0.12143446505069733,lynx,0.04252209886908531,fox_squirrel,0.00371695589274168
data\domestic-cat\dc (29).jpg,domestic-cat,tabby,0.48744332790374756,tiger_cat,0.4868728220462799,Egyptian_cat,0.022252824157476425,lynx,0.0015347331063821912,lens_cap,0.0004205914447084069
data\domestic-cat\dc (3).jpg,domestic-cat,tiger_cat,0.4165523648262024,tabby,0.22064542770385742,Egyptian_cat,0.1564900130033493,Norfolk_terrier,0.01909797638654709,lynx,0.016202174127101898
data\domestic-cat\dc (30).jpg,domestic-cat,tabby,0.41894274950027466,Egyptian_cat,0.3478317856788635,tiger_cat,0.2056904435157776,lynx,0.017743747681379318,tiger,0.0010881698690354824
data\domestic-cat\dc (31).jpg,domestic-cat,tiger_cat,0.801419734954834,tabby,0.15609149634838104,Egyptian_cat,0.022854022681713104,lynx,0.01819041557610035,tiger,0.0003443043678998947
data\domestic-cat\dc (32).jpg,domestic-cat,timber_wolf,0.2691209316253662,Norwich_terrier,0.1247120201587677,wood_rabbit,0.0749066025018692,ping-pong_ball,0.052296232432127,fox_squirrel,0.049010731279850006
data\domestic-cat\dc (33).jpg,domestic-cat,Egyptian_cat,0.4857857823371887,tabby,0.20446814596652985,tiger_cat,0.15912126004695892,lynx,0.12969596683979034,bucket,0.0024627631064504385
data\domestic-cat\dc (34).jpg,domestic-cat,tabby,0.5139028429985046,tiger_cat,0.4675271213054657,Egyptian_cat,0.004864842630922794,crate,0.0026615785900503397,barrow,0.002175144385546446
data\domestic-cat\dc (35).jpg,domestic-cat,lynx,0.7085748314857483,cougar,0.12127779424190521,tiger_cat,0.034097783267498016,ox,0.032280333340168,ibex,0.025816431269049644
data\domestic-cat\dc (36).jpg,domestic-cat,tabby,0.45959725975990295,tiger_cat,0.32296887040138245,lynx,0.1013369932770729,Egyptian_cat,0.09711507707834244,bucket,0.0013653625501319766
data\domestic-cat\dc (37).jpg,domestic-cat,mink,0.25697267055511475,lynx,0.23324820399284363,wombat,0.21666193008422852,lion,0.04968514293432236,tabby,0.038193754851818085
data\domestic-cat\dc (38).jpg,domestic-cat,marmoset,0.4880330562591553,fox_squirrel,0.18546660244464874,great_grey_owl,0.0972631648182869,tabby,0.033290401101112366,guenon,0.02983708679676056
data\domestic-cat\dc (39).jpg,domestic-cat,television,0.11792167276144028,collie,0.08236617594957352,carton,0.069377601146698,crate,0.05706271529197693,garbage_truck,0.04598129913210869
data\domestic-cat\dc (4).jpg,domestic-cat,lynx,0.8494420647621155,tiger_cat,0.0510692298412323,snow_leopard,0.02196916937828064,tiger,0.021285349503159523,tabby,0.013946221210062504
data\domestic-cat\dc (40).jpg,domestic-cat,Egyptian_cat,0.42796653509140015,tiger_cat,0.24329788982868195,tabby,0.19545602798461914,mouse,0.012070641852915287,carton,0.009743432514369488
data\domestic-cat\dc (41).jpg,domestic-cat,tiger_cat,0.866259753704071,tabby,0.04453000798821449,Egyptian_cat,0.03255949914455414,lynx,0.0288765337318182,cougar,0.00746921356767416
data\domestic-cat\dc (42).jpg,domestic-cat,Egyptian_cat,0.8090999722480774,tabby,0.1557001918554306,lynx,0.013821877539157867,tiger_cat,0.013658230192959309,snow_leopard,0.0017341404454782605
data\domestic-cat\dc (43).jpg,domestic-cat,tabby,0.5439481139183044,Egyptian_cat,0.2808327078819275,tiger_cat,0.17143237590789795,lynx,0.0012957793660461903,printer,0.0002756940375547856
data\domestic-cat\dc (44).jpg,domestic-cat,Egyptian_cat,0.755302906036377,tabby,0.03583419322967529,tub,0.0165894515812397,grey_fox,0.009838237427175045,lynx,0.009636031463742256
data\domestic-cat\dc (45).jpg,domestic-cat,tiger,0.4229860305786133,tiger_cat,0.36662042140960693,lynx,0.12204938381910324,wood_rabbit,0.03998136147856712,tabby,0.027894241735339165
data\domestic-cat\dc (46).jpg,domestic-cat,Egyptian_cat,0.33579400181770325,tabby,0.19346095621585846,grey_fox,0.13621975481510162,tiger_cat,0.06347162276506424,timber_wolf,0.038142070174217224
data\domestic-cat\dc (47).jpg,domestic-cat,Siamese_cat,0.3122780919075012,Chihuahua,0.2400934249162674,Persian_cat,0.10598839819431305,West_Highland_white_terrier,0.04353867471218109,Scotch_terrier,0.03051074407994747
data\domestic-cat\dc (48).jpg,domestic-cat,Egyptian_cat,0.732938826084137,tabby,0.11729314178228378,tiger_cat,0.07337455451488495,lynx,0.034015022218227386,grey_fox,0.006279269699007273
data\domestic-cat\dc (49).jpg,domestic-cat,Egyptian_cat,0.612321138381958,tabby,0.19674915075302124,tiger_cat,0.09480925649404526,lynx,0.014015682972967625,goblet,0.008054563775658607
data\domestic-cat\dc (5).jpg,domestic-cat,alp,0.14893367886543274,hay,0.10991320759057999,ice_bear,0.08436986804008484,maze,0.062058623880147934,barn,0.05127692595124245
data\domestic-cat\dc (50).jpg,domestic-cat,tabby,0.6227947473526001,tiger_cat,0.32243677973747253,tiger,0.031279657036066055,Egyptian_cat,0.00877183023840189,lynx,0.0067668939009308815
data\domestic-cat\dc (51).jpg,domestic-cat,tiger_cat,0.4546666145324707,tabby,0.35093897581100464,Egyptian_cat,0.07018731534481049,hammer,0.006541603244841099,scale,0.0050513953901827335
data\domestic-cat\dc (52).jpg,domestic-cat,tabby,0.3087974190711975,Egyptian_cat,0.26221394538879395,tiger_cat,0.11992426216602325,plastic_bag,0.03645634278655052,radiator,0.021182749420404434
data\domestic-cat\dc (53).jpg,domestic-cat,Egyptian_cat,0.5109564065933228,tabby,0.34493014216423035,tiger_cat,0.11222755163908005,tiger,0.016970057040452957,lynx,0.010681326501071453
data\domestic-cat\dc (54).jpg,domestic-cat,tiger_cat,0.5247976779937744,Egyptian_cat,0.1190425232052803,tabby,0.08632007241249084,tiger,0.08125655353069305,zebra,0.0231157299131155
data\domestic-cat\dc (55).jpg,domestic-cat,Egyptian_cat,0.7227358818054199,lynx,0.09488426148891449,tabby,0.06389252841472626,hyena,0.04250319302082062,tiger_cat,0.029684947803616524
data\domestic-cat\dc (56).jpg,domestic-cat,Egyptian_cat,0.42684850096702576,lynx,0.21044038236141205,tiger_cat,0.13822053372859955,cougar,0.05792134627699852,tabby,0.04222424328327179
data\domestic-cat\dc (57).jpg,domestic-cat,tiger_cat,0.7786754965782166,tabby,0.17737416923046112,Egyptian_cat,0.02308543398976326,lynx,0.018313968554139137,tiger,0.0009497016435489058
data\domestic-cat\dc (58).jpg,domestic-cat,warthog,0.21104559302330017,coyote,0.06697075814008713,ski,0.04353110119700432,Afghan_hound,0.040989093482494354,zebra,0.033544257283210754
data\domestic-cat\dc (59).jpg,domestic-cat,Egyptian_cat,0.3601624369621277,tiger_cat,0.3589136600494385,tabby,0.1951020509004593,snow_leopard,0.03500620275735855,lynx,0.019339488819241524
data\domestic-cat\dc (6).jpg,domestic-cat,tabby,0.8579661846160889,tiger_cat,0.061252862215042114,Egyptian_cat,0.05226444825530052,web_site,0.004310094751417637,radiator,0.0015050580259412527
data\domestic-cat\dc (60).jpg,domestic-cat,wallaby,0.5128196477890015,mousetrap,0.2816968858242035,warthog,0.01667753793299198,beaver,0.01592692919075489,weasel,0.011792990379035473
data\domestic-cat\dc (61).jpg,domestic-cat,zebra,0.3203211724758148,hyena,0.15461811423301697,tiger_cat,0.07413092255592346,llama,0.07384184002876282,tiger,0.06664847582578659
data\domestic-cat\dc (62).jpg,domestic-cat,Egyptian_cat,0.44777554273605347,tiger_cat,0.3248595893383026,tabby,0.15875935554504395,lynx,0.0468171089887619,washbasin,0.003699918044731021
data\domestic-cat\dc (63).jpg,domestic-cat,tabby,0.30789715051651,Egyptian_cat,0.2727060317993164,tiger_cat,0.11995051056146622,plastic_bag,0.03640565276145935,radiator,0.017243927344679832
data\domestic-cat\dc (64).jpg,domestic-cat,Egyptian_cat,0.5012732744216919,lynx,0.14373008906841278,fox_squirrel,0.08026784658432007,tabby,0.032543543726205826,kit_fox,0.02570265159010887
data\domestic-cat\dc (7).jpg,domestic-cat,white_wolf,0.6843639612197876,Arctic_fox,0.21020960807800293,timber_wolf,0.028018997982144356,Persian_cat,0.019902579486370087,grey_fox,0.01488997507840395
data\domestic-cat\dc (8).jpg,domestic-cat,lynx,0.46365538239479065,Egyptian_cat,0.4333493113517761,tiger_cat,0.06689775735139847,tabby,0.03273037448525429,Siamese_cat,0.0008447890868410468
data\domestic-cat\dc (9).jpg,domestic-cat,cougar,0.402464896440506,lynx,0.22151966392993927,Egyptian_cat,0.182189479470253,tiger_cat,0.06889422237873077,tiger,0.02629428543150425
data\european-wildcat\eu (1).jpg,european-wildcat,tiger_cat,0.7836840152740479,tabby,0.19428253173828125,lynx,0.011039390228688717,Egyptian_cat,0.002921690233051777,snow_leopard,0.0017501033144071698
data\european-wildcat\eu (10).jpg,european-wildcat,cheetah,0.155374675989151,bison,0.09214181452989578,lion,0.0832751989364624,brown_bear,0.0704498440027237,lynx,0.03538733348250389
data\european-wildcat\eu (11).jpg,european-wildcat,tabby,0.29556551575660706,tiger_cat,0.21759182214736938,Egyptian_cat,0.07041443884372711,common_iguana,0.0367620475590229,Komodo_dragon,0.029906734824180603
data\european-wildcat\eu (12).jpg,european-wildcat,badger,0.30691593885421753,hay,0.2432498335838318,hare,0.08999205380678177,wood_rabbit,0.080321304500103,hyena,0.05827905610203743
data\european-wildcat\eu (13).jpg,european-wildcat,lynx,0.38853368163108826,tabby,0.3265497088432312,Persian_cat,0.20920556783676147,tiger_cat,0.044189777225255966,Egyptian_cat,0.010335652157664299
data\european-wildcat\eu (14).jpg,european-wildcat,hyena,0.8030088543891907,lynx,0.14385531842708588,snow_leopard,0.011775289662182331,Bouvier_des_Flandres,0.00907113216817379,Egyptian_cat,0.005539368372410536
data\european-wildcat\eu (15).jpg,european-wildcat,lynx,0.9935125708580017,lion,0.0017767568351700902,snow_leopard,0.0017153369262814522,coyote,0.0008005170966498554,tiger_cat,0.0007189023890532553
data\european-wildcat\eu (16).jpg,european-wildcat,leopard,0.26705265045166016,lynx,0.23860834538936615,tiger_cat,0.1931992620229721,snow_leopard,0.18376277387142181,tabby,0.020131994038820267
data\european-wildcat\eu (17).jpg,european-wildcat,tiger_cat,0.16648507118225098,Egyptian_cat,0.11726909875869751,dhole,0.0971994623541832,lynx,0.09141051769256592,grey_fox,0.09075786173343658
data\european-wildcat\eu (18).jpg,european-wildcat,lynx,0.6836241483688354,tiger_cat,0.13220229744911194,tabby,0.0819716677069664,Egyptian_cat,0.013517298735678196,Persian_cat,0.012895152904093266
data\european-wildcat\eu (19).jpg,european-wildcat,wombat,0.305906742811203,warthog,0.26592519879341125,wood_rabbit,0.0912109836935997,fox_squirrel,0.08008544147014618,marmot,0.05174366012215614
data\european-wildcat\eu (2).jpg,european-wildcat,Madagascar_cat,0.5987522602081299,snow_leopard,0.23428969085216522,lynx,0.05853673815727234,mongoose,0.02929781563580036,tiger_cat,0.016570987179875374
data\european-wildcat\eu (20).jpg,european-wildcat,Egyptian_cat,0.4263046085834503,tabby,0.3137027323246002,tiger_cat,0.2285701185464859,Siamese_cat,0.007569508161395788,Boston_bull,0.004501948598772287
data\european-wildcat\eu (21).jpg,european-wildcat,tiger_cat,0.7866634726524353,tabby,0.14946505427360535,lynx,0.03896772116422653,Egyptian_cat,0.014240287244319916,tiger,0.0049741920083761215
data\european-wildcat\eu (22).jpg,european-wildcat,lynx,0.5250195264816284,tiger_cat,0.11548611521720886,Egyptian_cat,0.07867999374866486,tabby,0.07803628593683243,fox_squirrel,0.022935781627893448
data\european-wildcat\eu (23).jpg,european-wildcat,lynx,0.9909173846244812,hare,0.003236649325117469,fox_squirrel,0.0020619751885533333,wood_rabbit,0.0013682021526619792,cougar,0.0004446933453436941
data\european-wildcat\eu (24).jpg,european-wildcat,tiger_cat,0.6892431378364563,lynx,0.15637211501598358,tabby,0.0877373069524765,Egyptian_cat,0.022906377911567688,bucket,0.0051635513082146645
data\european-wildcat\eu (25).jpg,european-wildcat,tiger_cat,0.5177727341651917,tabby,0.3342883884906769,Egyptian_cat,0.13771219551563263,window_screen,0.0027595064602792263,lynx,0.0026255191769450903
data\european-wildcat\eu (26).jpg,european-wildcat,grey_fox,0.4669615924358368,cougar,0.14782512187957764,timber_wolf,0.12007900327444077,tabby,0.054753437638282776,tiger_cat,0.04975012317299843
data\european-wildcat\eu (27).jpg,european-wildcat,tiger_cat,0.8210965394973755,tabby,0.09496121108531952,Egyptian_cat,0.042860861867666245,tiger,0.027175957337021828,lynx,0.007739261724054813
data\european-wildcat\eu (28).jpg,european-wildcat,lynx,0.4738093614578247,tiger_cat,0.26793980598449707,tabby,0.14941640198230743,Egyptian_cat,0.025462497025728226,tiger,0.009403671137988567
data\european-wildcat\eu (29).jpg,european-wildcat,wombat,0.44912463426589966,Bouvier_des_Flandres,0.18241670727729797,hay,0.08933651447296143,barn,0.029086807742714882,plow,0.025801721960306168
data\european-wildcat\eu (3).jpg,european-wildcat,grey_fox,0.4669615924358368,cougar,0.14782512187957764,timber_wolf,0.12007900327444077,tabby,0.054753437638282776,tiger_cat,0.04975012317299843
data\european-wildcat\eu (30).jpg,european-wildcat,tiger,0.3974767029285431,lynx,0.227793887257576,tiger_cat,0.1615343689918518,tabby,0.14916753768920898,cougar,0.026779813691973686
data\european-wildcat\eu (31).jpg,european-wildcat,tabby,0.3693494498729706,Madagascar_cat,0.2118399739265442,Egyptian_cat,0.2117413878440857,tiger_cat,0.10422670096158981,triceratops,0.024896765127778053
data\european-wildcat\eu (32).jpg,european-wildcat,lynx,0.6692730188369751,Egyptian_cat,0.2511782944202423,tiger_cat,0.021924450993537903,cougar,0.016697751358151436,wallaby,0.01560777798295021
data\european-wildcat\eu (33).jpg,european-wildcat,badger,0.26816633343696594,grey_fox,0.1852799504995346,coyote,0.18177291750907898,timber_wolf,0.09710118174552917,mongoose,0.07054102420806885
data\european-wildcat\eu (34).jpg,european-wildcat,fox_squirrel,0.22645077109336853,kit_fox,0.2087891697883606,hare,0.1255229115486145,grey_fox,0.10837120562791824,wallaby,0.06449717283248901
data\european-wildcat\eu (35).jpg,european-wildcat,tiger_cat,0.869035005569458,tabby,0.07857111096382141,lynx,0.010866563767194748,great_grey_owl,0.00602622888982296,Egyptian_cat,0.005583085585385561
data\european-wildcat\eu (36).jpg,european-wildcat,lynx,0.8125073909759521,snow_leopard,0.14838363230228424,leopard,0.013852303847670555,lion,0.00948911439627409,mink,0.006817006506025791
data\european-wildcat\eu (37).jpg,european-wildcat,tiger_cat,0.42254838347435,tabby,0.2651720345020294,lynx,0.19037538766860962,Egyptian_cat,0.0677131712436676,mongoose,0.014623330906033516
data\european-wildcat\eu (38).jpg,european-wildcat,wombat,0.6627962589263916,wood_rabbit,0.1405719816684723,wallaby,0.06590449810028076,warthog,0.03570673242211342,hare,0.024252261966466904
data\european-wildcat\eu (39).jpg,european-wildcat,tabby,0.7262391448020935,tiger_cat,0.23308537900447845,Egyptian_cat,0.039092060178518295,lynx,0.0005206763162277639,plastic_bag,0.0002180062874685973
data\european-wildcat\eu (4).jpg,european-wildcat,wombat,0.2840258777141571,lynx,0.23124702274799347,brown_bear,0.1844550371170044,snow_leopard,0.07812640815973282,tiger_cat,0.05664445087313652
data\european-wildcat\eu (40).jpg,european-wildcat,lynx,0.9742555022239685,snow_leopard,0.006688338704407215,tiger_cat,0.005791864823549986,leopard,0.004987902473658323,Egyptian_cat,0.0025513083674013615
data\european-wildcat\eu (41).jpg,european-wildcat,tabby,0.7652258276939392,tiger_cat,0.1844920665025711,lynx,0.01684212125837803,Egyptian_cat,0.010349584743380547,lens_cap,0.0030561003368347883
data\european-wildcat\eu (42).jpg,european-wildcat,Madagascar_cat,0.31101977825164795,tabby,0.279520183801651,Egyptian_cat,0.11405021697282791,tiger_cat,0.05315864831209183,triceratops,0.052058279514312744
data\european-wildcat\eu (43).jpg,european-wildcat,cheetah,0.8570967316627502,hyena,0.11810264736413956,zebra,0.005660451017320156,lynx,0.005072244442999363,tiger,0.004178099799901247
data\european-wildcat\eu (44).jpg,european-wildcat,lynx,0.6098707318305969,zebra,0.08686400949954987,tiger_cat,0.0739223062992096,tiger,0.04749448969960213,warthog,0.04164471477270126
data\european-wildcat\eu (45).jpg,european-wildcat,lynx,0.7879164218902588,tiger_cat,0.10889054089784622,leopard,0.028075767681002617,snow_leopard,0.013980109244585037,tabby,0.013813862577080727
data\european-wildcat\eu (46).jpg,european-wildcat,lynx,0.504848301410675,tiger_cat,0.2847970426082611,tabby,0.13173598051071167,Egyptian_cat,0.03287481144070625,snow_leopard,0.015014557167887688
data\european-wildcat\eu (47).jpg,european-wildcat,lynx,0.39302435517311096,lion,0.2844105064868927,cougar,0.07231482863426208,tiger_cat,0.06419925391674042,Egyptian_cat,0.05019650608301163
data\european-wildcat\eu (48).jpg,european-wildcat,tiger_cat,0.5592545866966248,tabby,0.2884245216846466,lynx,0.08217848092317581,Egyptian_cat,0.02975313924252987,tiger,0.012413154356181622
data\european-wildcat\eu (49).jpg,european-wildcat,tabby,0.5366363525390625,tiger_cat,0.07936248183250427,Egyptian_cat,0.03382040187716484,caldron,0.015227876603603363,bow_tie,0.015051916241645813
data\european-wildcat\eu (5).jpg,european-wildcat,tiger_cat,0.8210965394973755,tabby,0.09496121108531952,Egyptian_cat,0.042860861867666245,tiger,0.027175957337021828,lynx,0.007739261724054813
data\european-wildcat\eu (50).jpg,european-wildcat,lynx,0.4465932250022888,Egyptian_cat,0.2032858431339264,tiger_cat,0.16065356135368347,tabby,0.14505065977573395,leopard,0.010047398507595062
data\european-wildcat\eu (51).jpg,european-wildcat,lynx,0.9229609966278076,fox_squirrel,0.028403373435139656,snow_leopard,0.009212645702064037,wombat,0.005209967959672213,lion,0.0037846462801098824
data\european-wildcat\eu (52).jpg,european-wildcat,tabby,0.6483279466629028,tiger_cat,0.3079970180988312,Egyptian_cat,0.04254160076379776,cougar,0.00028468240634538233,paper_towel,0.0001609864557394758
data\european-wildcat\eu (53).jpg,european-wildcat,lynx,0.7698128819465637,tiger_cat,0.07742743194103241,tabby,0.07036200165748596,Egyptian_cat,0.04146791249513626,lion,0.013860806822776794
data\european-wildcat\eu (54).jpg,european-wildcat,tiger_cat,0.44784116744995117,tabby,0.22259826958179474,tiger,0.10675503313541412,zebra,0.09029379487037659,Egyptian_cat,0.0456496998667717
data\european-wildcat\eu (55).jpg,european-wildcat,timber_wolf,0.3037559688091278,badger,0.15221212804317474,coyote,0.12462219595909119,grey_fox,0.06303643435239792,wallaby,0.032415345311164856
data\european-wildcat\eu (56).jpg,european-wildcat,tiger_cat,0.48415952920913696,tabby,0.2575197219848633,Egyptian_cat,0.2064766138792038,lynx,0.039848312735557556,hay,0.0012461793376132846
data\european-wildcat\eu (57).jpg,european-wildcat,timber_wolf,0.11562936753034592,ruffed_grouse,0.09406159818172455,hen,0.06408008188009262,coyote,0.06380780786275864,fox_squirrel,0.047449104487895966
data\european-wildcat\eu (58).jpg,european-wildcat,Persian_cat,0.22698670625686646,Chihuahua,0.10201862454414368,Blenheim_spaniel,0.10045794397592545,Pekinese,0.08889037370681763,cocker_spaniel,0.061334028840065
data\european-wildcat\eu (59).jpg,european-wildcat,lynx,0.5747277736663818,tiger_cat,0.19759340584278107,tiger,0.05800742655992508,tabby,0.03826291114091873,Egyptian_cat,0.02995566837489605
data\european-wildcat\eu (6).jpg,european-wildcat,lynx,0.2882375419139862,cougar,0.2032277137041092,grey_fox,0.15593071281909943,timber_wolf,0.1036137193441391,lion,0.09037573635578156
data\european-wildcat\eu (60).jpg,european-wildcat,tabby,0.5149316787719727,tiger_cat,0.39453741908073425,Egyptian_cat,0.05794423446059227,lynx,0.019185254350304604,window_screen,0.0064580305479466915
data\european-wildcat\eu (61).jpg,european-wildcat,lynx,0.8876889944076538,tiger_cat,0.045516274869441986,tabby,0.02543047070503235,snow_leopard,0.010912722907960415,Egyptian_cat,0.009791042655706406
data\european-wildcat\eu (62).jpg,european-wildcat,lynx,0.38853368163108826,tabby,0.3265497088432312,Persian_cat,0.20920556783676147,tiger_cat,0.044189777225255966,Egyptian_cat,0.010335652157664299
data\european-wildcat\eu (63).jpg,european-wildcat,tabby,0.6037880182266235,tiger_cat,0.25740742683410645,Egyptian_cat,0.08095445483922958,lynx,0.051627323031425476,paper_towel,0.0010838110465556383
data\european-wildcat\eu (64).jpg,european-wildcat,lynx,0.9935125708580017,lion,0.0017767568351700902,snow_leopard,0.0017153369262814522,coyote,0.0008005170966498554,tiger_cat,0.0007189023890532553
data\european-wildcat\eu (65).jpg,european-wildcat,lynx,0.48725610971450806,tiger_cat,0.2657046914100647,tabby,0.15967456996440887,Egyptian_cat,0.029509345069527626,fox_squirrel,0.007441361900418997
data\european-wildcat\eu (66).jpg,european-wildcat,lynx,0.9449187517166138,tabby,0.022887444123625755,tiger_cat,0.02012181095778942,snow_leopard,0.007703740149736404,Egyptian_cat,0.0019473315915092826
data\european-wildcat\eu (67).jpg,european-wildcat,hay,0.596836268901825,badger,0.127412810921669,mongoose,0.05162195861339569,hare,0.0509413443505764,baboon,0.04084380343556404
data\european-wildcat\eu (68).jpg,european-wildcat,stone_wall,0.14083465933799744,hay,0.1254630982875824,wood_rabbit,0.0950402021408081,picket_fence,0.07314521074295044,birdhouse,0.040300652384757996
data\european-wildcat\eu (69).jpg,european-wildcat,tiger_cat,0.16648507118225098,Egyptian_cat,0.11726909875869751,dhole,0.0971994623541832,lynx,0.09141051769256592,grey_fox,0.09075786173343658
data\european-wildcat\eu (7).jpg,european-wildcat,lynx,0.6692730188369751,Egyptian_cat,0.2511782944202423,tiger_cat,0.021924450993537903,cougar,0.016697751358151436,wallaby,0.01560777798295021
data\european-wildcat\eu (70).jpg,european-wildcat,lynx,0.40894651412963867,fox_squirrel,0.2346065193414688,snow_leopard,0.093827985227108,grey_fox,0.06108374521136284,leopard,0.03279754891991615
data\european-wildcat\eu (71).jpg,european-wildcat,wombat,0.3256528079509735,grey_fox,0.10704708099365234,lynx,0.08415837585926056,fox_squirrel,0.074367955327034,tiger_cat,0.07388470321893692
data\european-wildcat\eu (72).jpg,european-wildcat,lion,0.3601229190826416,lynx,0.14575612545013428,snow_leopard,0.09512395411729813,wild_boar,0.07335987687110901,hog,0.036755554378032684
data\european-wildcat\eu (73).jpg,european-wildcat,lynx,0.6836241483688354,tiger_cat,0.13220229744911194,tabby,0.0819716677069664,Egyptian_cat,0.013517298735678196,Persian_cat,0.012895152904093266
data\european-wildcat\eu (74).jpg,european-wildcat,lynx,0.4465932250022888,Egyptian_cat,0.2032858431339264,tiger_cat,0.16065356135368347,tabby,0.14505065977573395,leopard,0.010047398507595062
data\european-wildcat\eu (75).jpg,european-wildcat,lynx,0.7698128819465637,tiger_cat,0.07742743194103241,tabby,0.07036200165748596,Egyptian_cat,0.04146791249513626,lion,0.013860806822776794
data\european-wildcat\eu (76).jpg,european-wildcat,Gordon_setter,0.23358993232250214,Newfoundland,0.09478611499071121,groenendael,0.07223425805568695,Bouvier_des_Flandres,0.06707455962896347,Sussex_spaniel,0.06083045154809952
data\european-wildcat\eu (77).jpg,european-wildcat,lynx,0.5250195264816284,tiger_cat,0.11548611521720886,Egyptian_cat,0.07867999374866486,tabby,0.07803628593683243,fox_squirrel,0.022935781627893448
data\european-wildcat\eu (78).jpg,european-wildcat,hyena,0.7994858622550964,lynx,0.0608227476477623,Bouvier_des_Flandres,0.03842047229409218,briard,0.02550717070698738,soft-coated_wheaten_terrier,0.0085598174482584
data\european-wildcat\eu (79).jpg,european-wildcat,tiger_cat,0.6892431378364563,lynx,0.15637211501598358,tabby,0.0877373069524765,Egyptian_cat,0.022906377911567688,bucket,0.0051635513082146645
data\european-wildcat\eu (8).jpg,european-wildcat,lynx,0.9964787364006042,snow_leopard,0.0012948772637173533,tiger_cat,0.0011806270340457559,tabby,0.0005147968768142164,lion,0.0002698028401937336
data\european-wildcat\eu (80).jpg,european-wildcat,tiger_cat,0.10666950792074203,Egyptian_cat,0.08598291873931885,lynx,0.06859344989061356,tabby,0.05915084108710289,grey_fox,0.03824148327112198
data\european-wildcat\eu (81).jpg,european-wildcat,lynx,0.9356955885887146,tiger_cat,0.03474240377545357,tabby,0.014054681174457073,Egyptian_cat,0.003370254999026656,leopard,0.0022637767251580954
data\european-wildcat\eu (82).jpg,european-wildcat,lynx,0.4312421679496765,wallaby,0.07989349216222763,marmoset,0.06657586991786957,great_grey_owl,0.03384138643741608,tabby,0.02582423947751522
data\european-wildcat\eu (83).jpg,european-wildcat,tiger_cat,0.44784116744995117,tabby,0.22259826958179474,tiger,0.10675503313541412,zebra,0.09029379487037659,Egyptian_cat,0.0456496998667717
data\european-wildcat\eu (84).jpg,european-wildcat,frilled_lizard,0.1915898472070694,Komodo_dragon,0.1233447790145874,African_crocodile,0.11672691255807877,snow_leopard,0.09774753451347351,tailed_frog,0.05931045860052109
data\european-wildcat\eu (85).jpg,european-wildcat,tiger_cat,0.5177727341651917,tabby,0.3342883884906769,Egyptian_cat,0.13771219551563263,window_screen,0.0027595064602792263,lynx,0.0026255191769450903
data\european-wildcat\eu (9).jpg,european-wildcat,tiger_cat,0.869035005569458,tabby,0.07857111096382141,lynx,0.010866563767194748,great_grey_owl,0.00602622888982296,Egyptian_cat,0.005583085585385561
data\jungle-cat\jg (1).jpg,jungle-cat,lynx,0.9655603766441345,wallaby,0.01225532777607441,grey_fox,0.0093923918902874,cougar,0.0031580026261508465,coyote,0.002137840958312154
data\jungle-cat\jg (10).jpg,jungle-cat,grey_fox,0.24346788227558136,wood_rabbit,0.18810206651687622,mongoose,0.17927441000938416,tiger_cat,0.11924757063388824,Egyptian_cat,0.05535202845931053
data\jungle-cat\jg (11).jpg,jungle-cat,fox_squirrel,0.4027169346809387,grey_fox,0.21768520772457123,wallaby,0.12463411688804626,wood_rabbit,0.05434620380401611,coyote,0.03116922825574875
data\jungle-cat\jg (12).jpg,jungle-cat,fox_squirrel,0.19199849665164948,grey_fox,0.16350099444389343,wallaby,0.08904846757650375,wood_rabbit,0.07496330887079239,coyote,0.0629216805100441
data\jungle-cat\jg (13).jpg,jungle-cat,Egyptian_cat,0.7622196078300476,grey_fox,0.14780445396900177,tiger_cat,0.027335908263921738,kit_fox,0.017290253192186356,lynx,0.011477035470306873
data\jungle-cat\jg (14).jpg,jungle-cat,warthog,0.7144961953163147,wild_boar,0.09165169298648834,armadillo,0.06011795252561569,hog,0.02630007453262806,Komodo_dragon,0.009987429715692997
data\jungle-cat\jg (15).jpg,jungle-cat,wallaby,0.9682097434997559,fox_squirrel,0.01235251035541296,cougar,0.006381021346896887,grey_fox,0.003786486806347966,lynx,0.001556575414724648
data\jungle-cat\jg (16).jpg,jungle-cat,white_wolf,0.5233300924301147,Arctic_fox,0.285909503698349,coyote,0.03679143264889717,grey_fox,0.027339402586221695,timber_wolf,0.023006131872534752
data\jungle-cat\jg (17).jpg,jungle-cat,grey_fox,0.8045712113380432,coyote,0.04547685384750366,timber_wolf,0.038511764258146286,lynx,0.030787086114287376,wallaby,0.0171752218157053
data\jungle-cat\jg (18).jpg,jungle-cat,coyote,0.33234792947769165,lion,0.2401275485754013,grey_fox,0.05786566063761711,fox_squirrel,0.05448411405086517,wallaby,0.025599511340260506
data\jungle-cat\jg (19).jpg,jungle-cat,hare,0.10082932561635971,Arctic_fox,0.09526993334293365,Egyptian_cat,0.054995838552713394,white_wolf,0.051541008055210114,book_jacket,0.05106853321194649
data\jungle-cat\jg (2).jpg,jungle-cat,lynx,0.4936036765575409,cougar,0.1903543621301651,grey_fox,0.15396587550640106,kit_fox,0.051467206329107285,Egyptian_cat,0.039829351007938385
data\jungle-cat\jg (20).jpg,jungle-cat,Egyptian_cat,0.396639883518219,wallaby,0.3705342710018158,hare,0.12348204106092453,grey_fox,0.03526447340846062,lynx,0.027100294828414917
data\jungle-cat\jg (21).jpg,jungle-cat,tiger_cat,0.2807812988758087,Egyptian_cat,0.22932857275009155,lynx,0.21839988231658936,tabby,0.16923728585243225,Persian_cat,0.014175895601511002
data\jungle-cat\jg (22).jpg,jungle-cat,wood_rabbit,0.5852818489074707,hare,0.2673461437225342,coyote,0.08978429436683655,gazelle,0.02268230728805065,grey_fox,0.011672422289848328
data\jungle-cat\jg (23).jpg,jungle-cat,wombat,0.8438659310340881,fox_squirrel,0.05476958677172661,wood_rabbit,0.04173053056001663,hare,0.02387438528239727,wallaby,0.015220819972455502
data\jungle-cat\jg (24).jpg,jungle-cat,fox_squirrel,0.3611096739768982,hare,0.20163016021251678,weasel,0.12305322289466858,mongoose,0.10193008929491043,mink,0.08254652470350266
data\jungle-cat\jg (25).jpg,jungle-cat,grey_fox,0.3210896849632263,Egyptian_cat,0.1471821814775467,kit_fox,0.05492568761110306,tabby,0.037383366376161575,fox_squirrel,0.028994539752602577
data\jungle-cat\jg (26).jpg,jungle-cat,Egyptian_cat,0.34534284472465515,hare,0.27853697538375854,wood_rabbit,0.12123725563287735,Persian_cat,0.03835909068584442,lynx,0.03803753852844238
data\jungle-cat\jg (27).jpg,jungle-cat,wallaby,0.6506823301315308,grey_fox,0.1605270653963089,wombat,0.05986520275473595,lynx,0.031016098335385323,hare,0.030632833018898964
data\jungle-cat\jg (28).jpg,jungle-cat,coyote,0.5685092210769653,hare,0.1598350554704666,grey_fox,0.10684153437614441,wood_rabbit,0.0730900838971138,lynx,0.03498782962560654
data\jungle-cat\jg (29).jpg,jungle-cat,lion,0.7895861268043518,coyote,0.07512454688549042,hyena,0.04657769575715065,lynx,0.02672508731484413,grey_fox,0.016348719596862793
data\jungle-cat\jg (3).jpg,jungle-cat,Egyptian_cat,0.42834022641181946,lynx,0.2679567039012909,kit_fox,0.11886526644229889,red_fox,0.07222199440002441,grey_fox,0.04983390495181084
data\jungle-cat\jg (30).jpg,jungle-cat,lynx,0.3909127712249756,grey_fox,0.23619872331619263,lion,0.11565358191728592,wood_rabbit,0.05414080247282982,fox_squirrel,0.045753113925457
data\jungle-cat\jg (31).jpg,jungle-cat,coyote,0.6355901956558228,timber_wolf,0.29639434814453125,red_wolf,0.03529936820268631,white_wolf,0.020360756665468216,grey_fox,0.003678864799439907
data\jungle-cat\jg (32).jpg,jungle-cat,wallaby,0.5932163000106812,hare,0.12895157933235168,grey_fox,0.0796583965420723,kit_fox,0.06521891802549362,Egyptian_cat,0.05437305569648743
data\jungle-cat\jg (33).jpg,jungle-cat,fox_squirrel,0.226400688290596,mink,0.0733763575553894,wallaby,0.055181726813316345,mongoose,0.05350743234157562,Egyptian_cat,0.03601342439651489
data\jungle-cat\jg (34).jpg,jungle-cat,lynx,0.735618531703949,cougar,0.14579665660858154,lion,0.04948054999113083,ibex,0.01517537608742714,Egyptian_cat,0.008017309941351414
data\jungle-cat\jg (35).jpg,jungle-cat,Egyptian_cat,0.44079118967056274,lynx,0.04121421277523041,hare,0.034570228308439255,ibex,0.03437694534659386,Scottish_deerhound,0.03164040669798851
data\jungle-cat\jg (36).jpg,jungle-cat,hare,0.5487080216407776,wood_rabbit,0.1763860285282135,mongoose,0.11512891203165054,grey_fox,0.06967595219612122,fox_squirrel,0.0448242612183094
data\jungle-cat\jg (37).jpg,jungle-cat,grey_fox,0.7253896594047546,kit_fox,0.15912796556949615,Egyptian_cat,0.048993248492479324,lynx,0.017855042591691017,tiger_cat,0.014395655132830143
data\jungle-cat\jg (38).jpg,jungle-cat,lynx,0.9953889846801758,grey_fox,0.0017422641394659877,cougar,0.0008986180764622986,Egyptian_cat,0.000854239275213331,coyote,0.00040110343252308667
data\jungle-cat\jg (39).jpg,jungle-cat,Egyptian_cat,0.5687474608421326,grey_fox,0.17332389950752258,coyote,0.16455674171447754,lynx,0.04941903054714203,tiger_cat,0.013463799841701984
data\jungle-cat\jg (4).jpg,jungle-cat,lynx,0.4220026731491089,Egyptian_cat,0.18043191730976105,grey_fox,0.17919620871543884,kit_fox,0.14970362186431885,red_fox,0.025312095880508423
data\jungle-cat\jg (40).jpg,jungle-cat,lion,0.7840840816497803,cougar,0.13934041559696198,wallaby,0.03155573457479477,lynx,0.019851868972182274,ibex,0.009414735250175
data\jungle-cat\jg (41).jpg,jungle-cat,timber_wolf,0.4997134804725647,coyote,0.3589867055416107,baboon,0.05330886319279671,grey_fox,0.049579035490751266,kit_fox,0.009465547278523445
data\jungle-cat\jg (42).jpg,jungle-cat,fox_squirrel,0.6869679093360901,lynx,0.12493231892585754,grey_fox,0.03117508254945278,cougar,0.029835915192961693,mongoose,0.027111170813441277
data\jungle-cat\jg (43).jpg,jungle-cat,lynx,0.8546499609947205,coyote,0.07805085182189941,hyena,0.02416212670505047,grey_fox,0.0170853640884161,timber_wolf,0.005188174545764923
data\jungle-cat\jg (44).jpg,jungle-cat,coyote,0.6567654609680176,timber_wolf,0.06412630528211594,gazelle,0.0579957515001297,grey_fox,0.05564052611589432,lynx,0.027010560035705566
data\jungle-cat\jg (45).jpg,jungle-cat,lion,0.38535556197166443,lynx,0.33402198553085327,tiger_cat,0.07719181478023529,Egyptian_cat,0.050681114196777344,cougar,0.03118123859167099
data\jungle-cat\jg (46).jpg,jungle-cat,hare,0.7782423496246338,wood_rabbit,0.17619359493255615,mink,0.01441542711108923,fox_squirrel,0.013578132726252079,grey_fox,0.005718889180570841
data\jungle-cat\jg (47).jpg,jungle-cat,grey_fox,0.5267325043678284,cougar,0.20242495834827423,fountain,0.047477319836616516,Egyptian_cat,0.025532955303788185,tabby,0.019050197675824165
data\jungle-cat\jg (48).jpg,jungle-cat,wallaby,0.6977286338806152,lynx,0.10808544605970383,fox_squirrel,0.06861351430416107,beaver,0.02608923614025116,grey_fox,0.01804221048951149
data\jungle-cat\jg (49).jpg,jungle-cat,white_wolf,0.5992121696472168,ram,0.1297837495803833,bighorn,0.08160728216171265,timber_wolf,0.037881091237068176,ibex,0.026560870930552483
data\jungle-cat\jg (5).jpg,jungle-cat,Egyptian_cat,0.7190113663673401,lynx,0.1363198608160019,snow_leopard,0.09471947699785233,dalmatian,0.01274747122079134,cheetah,0.010410932824015617
data\jungle-cat\jg (50).jpg,jungle-cat,tabby,0.40703141689300537,tiger_cat,0.3382931351661682,lynx,0.14279115200042725,Egyptian_cat,0.05735397711396217,grey_fox,0.02479211799800396
data\jungle-cat\jg (51).jpg,jungle-cat,wood_rabbit,0.5483224391937256,hare,0.13974255323410034,wallaby,0.08114076405763626,grey_fox,0.06707774102687836,fox_squirrel,0.05779154226183891
data\jungle-cat\jg (52).jpg,jungle-cat,lynx,0.4511605203151703,lion,0.20359399914741516,tiger_cat,0.10430645197629929,Egyptian_cat,0.07775534689426422,snow_leopard,0.04622725769877434
data\jungle-cat\jg (53).jpg,jungle-cat,lynx,0.7196524143218994,Egyptian_cat,0.14424625039100647,grey_fox,0.05402037873864174,kit_fox,0.031203415244817734,red_fox,0.012209950014948845
data\jungle-cat\jg (54).jpg,jungle-cat,cougar,0.5457246899604797,lynx,0.31132790446281433,Egyptian_cat,0.024143988266587257,fox_squirrel,0.02255854383111,grey_fox,0.01781701296567917
data\jungle-cat\jg (55).jpg,jungle-cat,grey_fox,0.6330122947692871,coyote,0.31226539611816406,timber_wolf,0.012460585683584213,fox_squirrel,0.009287912398576736,kit_fox,0.007199114188551903
data\jungle-cat\jg (56).jpg,jungle-cat,wallaby,0.6404351592063904,hare,0.17679716646671295,kit_fox,0.044174809008836746,grey_fox,0.040793705731630325,ibex,0.03357890248298645
data\jungle-cat\jg (57).jpg,jungle-cat,tiger_cat,0.401973158121109,Egyptian_cat,0.22480176389217377,lynx,0.21702948212623596,tabby,0.10233461111783981,grey_fox,0.015313951298594475
data\jungle-cat\jg (58).jpg,jungle-cat,lynx,0.6317413449287415,Egyptian_cat,0.2254292368888855,tiger_cat,0.09463723748922348,tabby,0.026959683746099472,grey_fox,0.01572784222662449
data\jungle-cat\jg (59).jpg,jungle-cat,Egyptian_cat,0.7834509015083313,grey_fox,0.07192247360944748,tiger_cat,0.03968588635325432,tabby,0.028379375115036964,kit_fox,0.01676958054304123
data\jungle-cat\jg (6).jpg,jungle-cat,lynx,0.8202927112579346,tabby,0.05989162251353264,tiger_cat,0.04215485602617264,Egyptian_cat,0.03579414263367653,cougar,0.016238171607255936
data\jungle-cat\jg (60).jpg,jungle-cat,grey_fox,0.6423137784004211,Egyptian_cat,0.08796815574169159,tabby,0.07064821571111679,lynx,0.05364703759551048,wallaby,0.0492531880736351
data\jungle-cat\jg (61).jpg,jungle-cat,lynx,0.6806252598762512,coyote,0.12391786277294159,hyena,0.07850862294435501,grey_fox,0.03978190943598747,lion,0.027972085401415825
data\jungle-cat\jg (62).jpg,jungle-cat,lynx,0.16586105525493622,coyote,0.11854492872953415,grey_fox,0.10450764000415802,timber_wolf,0.05708291381597519,cougar,0.0452083945274353
data\jungle-cat\jg (63).jpg,jungle-cat,tiger_cat,0.1642763316631317,lynx,0.15140153467655182,wombat,0.09619756788015366,Egyptian_cat,0.07143742591142654,fox_squirrel,0.06160380691289902
data\jungle-cat\jg (64).jpg,jungle-cat,lynx,0.3224503695964813,Egyptian_cat,0.23062627017498016,tiger_cat,0.1209360808134079,grey_fox,0.06796428561210632,wallaby,0.03159783035516739
data\jungle-cat\jg (65).jpg,jungle-cat,grey_fox,0.3682236969470978,wallaby,0.1357124000787735,hare,0.12089265882968903,mongoose,0.09709291905164719,wood_rabbit,0.07513320446014404
data\jungle-cat\jg (66).jpg,jungle-cat,ibex,0.23225370049476624,snow_leopard,0.08564940094947815,cougar,0.08215106278657913,ram,0.07220316678285599,lion,0.05251764878630638
data\jungle-cat\jg (67).jpg,jungle-cat,grey_fox,0.7106253504753113,coyote,0.14886468648910522,kit_fox,0.07057373225688934,Egyptian_cat,0.03455398604273796,dingo,0.009066605009138584
data\jungle-cat\jg (68).jpg,jungle-cat,Egyptian_cat,0.5982599258422852,grey_fox,0.20991046726703644,tiger_cat,0.0420578271150589,cougar,0.029788335785269737,lynx,0.023112060502171516
data\jungle-cat\jg (69).jpg,jungle-cat,tiger_cat,0.39037925004959106,lynx,0.3636143207550049,Egyptian_cat,0.09881579130887985,grey_fox,0.04466584324836731,tabby,0.029974447563290596
data\jungle-cat\jg (7).jpg,jungle-cat,Egyptian_cat,0.7591341733932495,tiger_cat,0.06731732189655304,tabby,0.056304920464754105,lynx,0.03724215552210808,cougar,0.033724866807460785
data\jungle-cat\jg (70).jpg,jungle-cat,coyote,0.45612743496894836,red_wolf,0.18267233669757843,grey_fox,0.1307932734489441,white_wolf,0.051399115473032,cougar,0.032204028218984604
data\jungle-cat\jg (71).jpg,jungle-cat,timber_wolf,0.2987980544567108,ibex,0.11257690191268921,coyote,0.08796852827072144,bighorn,0.065301313996315,water_buffalo,0.04659070447087288
data\jungle-cat\jg (72).jpg,jungle-cat,ibex,0.4617150127887726,bighorn,0.24680423736572266,warthog,0.04459138959646225,ram,0.035388510674238205,gazelle,0.02749636024236679
data\jungle-cat\jg (73).jpg,jungle-cat,wood_rabbit,0.6999416947364807,hare,0.20671223104000092,grey_fox,0.019377941265702248,fox_squirrel,0.01809510588645935,badger,0.015633106231689453
data\jungle-cat\jg (74).jpg,jungle-cat,tiger_cat,0.18932916224002838,lynx,0.1529223471879959,tabby,0.10070132464170456,Egyptian_cat,0.04625747352838516,barrow,0.026196032762527466
data\jungle-cat\jg (75).jpg,jungle-cat,grey_fox,0.6400113701820374,coyote,0.25972434878349304,fox_squirrel,0.023450996726751328,dhole,0.015490823425352573,timber_wolf,0.014112587086856365
data\jungle-cat\jg (76).jpg,jungle-cat,grey_fox,0.8316060900688171,kit_fox,0.08478781580924988,coyote,0.022287512198090553,wood_rabbit,0.020245112478733063,red_fox,0.01110449805855751
data\jungle-cat\jg (77).jpg,jungle-cat,ibex,0.5074312090873718,bighorn,0.22442279756069183,warthog,0.048170555382966995,ram,0.02525821141898632,grey_fox,0.025049010291695595
data\jungle-cat\jg (78).jpg,jungle-cat,wallaby,0.6326476335525513,hare,0.15637637674808502,wombat,0.06746792793273926,ibex,0.05173967406153679,grey_fox,0.024893220514059067
data\jungle-cat\jg (79).jpg,jungle-cat,lynx,0.8064766526222229,cougar,0.07648653537034988,tiger_cat,0.03958200663328171,wombat,0.01410042867064476,Egyptian_cat,0.01355649996548891
data\jungle-cat\jg (8).jpg,jungle-cat,grey_fox,0.5559735298156738,red_fox,0.2928277254104614,kit_fox,0.07432538270950317,mongoose,0.03392938897013664,coyote,0.010448499582707882
data\jungle-cat\jg (80).jpg,jungle-cat,lynx,0.9351565837860107,cougar,0.0585833415389061,grey_fox,0.0038368755485862494,Egyptian_cat,0.0007973473984748125,coyote,0.0006079167942516506
data\jungle-cat\jg (81).jpg,jungle-cat,kit_fox,0.3341437578201294,coyote,0.25508204102516174,wallaby,0.18184013664722443,grey_fox,0.15753412246704102,hare,0.014574783854186535
data\jungle-cat\jg (82).jpg,jungle-cat,wallaby,0.6989681720733643,grey_fox,0.1598377823829651,kit_fox,0.03592758998274803,wombat,0.02802717685699463,lynx,0.022936604917049408
data\jungle-cat\jg (83).jpg,jungle-cat,ibex,0.5672146081924438,wallaby,0.21101579070091248,baboon,0.045718785375356674,bighorn,0.01832694374024868,macaque,0.015996145084500313
data\jungle-cat\jg (84).jpg,jungle-cat,cougar,0.46463966369628906,dingo,0.24339213967323303,lynx,0.04496530815958977,patas,0.028302928432822227,Siberian_husky,0.024598145857453346
data\jungle-cat\jg (85).jpg,jungle-cat,cougar,0.3075869679450989,lion,0.23715993762016296,Egyptian_cat,0.11406873911619186,tiger_cat,0.11392588913440704,lynx,0.02813803032040596
data\jungle-cat\jg (86).jpg,jungle-cat,Egyptian_cat,0.4934808015823364,grey_fox,0.2346266657114029,tiger_cat,0.09286708384752274,lynx,0.06795330345630646,tabby,0.028372816741466522
data\jungle-cat\jg (9).jpg,jungle-cat,cougar,0.6774188280105591,tabby,0.07620590925216675,lynx,0.030168045312166214,Egyptian_cat,0.02488468401134014,tiger,0.0237787626683712
data\sand-cat\sd (1).jpg,sand-cat,kit_fox,0.5127494931221008,red_fox,0.15433119237422943,Egyptian_cat,0.15410234034061432,lynx,0.08352846652269363,grey_fox,0.05577939376235008
data\sand-cat\sd (10).jpg,sand-cat,lynx,0.33863288164138794,cougar,0.31181600689888,tiger_cat,0.12198878079652786,paper_towel,0.08485091477632523,tiger,0.04269751161336899
data\sand-cat\sd (11).jpg,sand-cat,cougar,0.4707445800304413,fox_squirrel,0.30379095673561096,lynx,0.11368164420127869,grey_fox,0.0220780149102211,snow_leopard,0.019563432782888412
data\sand-cat\sd (12).jpg,sand-cat,Egyptian_cat,0.6836893558502197,lynx,0.157647043466568,tiger_cat,0.06295154243707657,tabby,0.05776074901223183,cougar,0.013106138445436954
data\sand-cat\sd (13).jpg,sand-cat,Egyptian_cat,0.7991966009140015,tabby,0.14144645631313324,lynx,0.018300404772162437,tiger_cat,0.0118281664326787,snow_leopard,0.004535002168267965
data\sand-cat\sd (14).jpg,sand-cat,lynx,0.5364823937416077,Egyptian_cat,0.3324224352836609,tiger_cat,0.07147274166345596,tabby,0.025667034089565277,tiger,0.007209120783954859
data\sand-cat\sd (15).jpg,sand-cat,Egyptian_cat,0.4866337478160858,cougar,0.13685183227062225,lynx,0.12021229416131973,lion,0.06850933283567429,tiger_cat,0.04813389107584953
data\sand-cat\sd (16).jpg,sand-cat,lynx,0.325049489736557,grey_fox,0.14706984162330627,lion,0.10741836577653885,tiger_cat,0.09008272737264633,Egyptian_cat,0.08013775199651718
data\sand-cat\sd (17).jpg,sand-cat,tiger_cat,0.5057726502418518,lynx,0.20847348868846893,cougar,0.06949225813150406,lion,0.058958422392606735,Egyptian_cat,0.057164788246154785
data\sand-cat\sd (18).jpg,sand-cat,timber_wolf,0.15129268169403076,cougar,0.1403738111257553,white_wolf,0.1073642447590828,lion,0.08660080283880234,lynx,0.06564653664827347
data\sand-cat\sd (19).jpg,sand-cat,Egyptian_cat,0.6860668659210205,lynx,0.08400741964578629,tiger_cat,0.0650656521320343,tabby,0.063865065574646,cougar,0.030375080183148384
data\sand-cat\sd (2).jpg,sand-cat,grey_fox,0.6925222873687744,kit_fox,0.11775343120098114,coyote,0.07089134305715561,dhole,0.041436418890953064,timber_wolf,0.03374345228075981
data\sand-cat\sd (20).jpg,sand-cat,lynx,0.7922035455703735,cougar,0.07189954072237015,lion,0.049562279134988785,snow_leopard,0.01903330348432064,ibex,0.01716720312833786
data\sand-cat\sd (21).jpg,sand-cat,Egyptian_cat,0.6813246607780457,tiger_cat,0.11803706735372543,lynx,0.10243555903434753,tabby,0.0827505961060524,Siamese_cat,0.001963251968845725
data\sand-cat\sd (22).jpg,sand-cat,lynx,0.49063313007354736,tiger_cat,0.20327846705913544,Egyptian_cat,0.08474862575531006,grey_fox,0.0815570056438446,cougar,0.03558807820081711
data\sand-cat\sd (23).jpg,sand-cat,lynx,0.3732524514198303,kit_fox,0.18358266353607178,Bedlington_terrier,0.07746241241693497,standard_schnauzer,0.06661368906497955,gazelle,0.022493597120046616
data\sand-cat\sd (24).jpg,sand-cat,lynx,0.5840725898742676,tiger_cat,0.13134221732616425,grey_fox,0.08984728157520294,Egyptian_cat,0.06102611869573593,cougar,0.04747338220477104
data\sand-cat\sd (25).jpg,sand-cat,tiger_cat,0.32544705271720886,Egyptian_cat,0.25695234537124634,tabby,0.0973244458436966,grey_fox,0.08869083970785141,lynx,0.06242769956588745
data\sand-cat\sd (26).jpg,sand-cat,Egyptian_cat,0.7876016497612,lynx,0.08716295659542084,tiger_cat,0.07400290668010712,tabby,0.04924238473176956,grey_fox,0.00043600660865195096
data\sand-cat\sd (27).jpg,sand-cat,Egyptian_cat,0.371061235666275,tiger_cat,0.2616352438926697,tabby,0.2084185928106308,lion,0.04046120122075081,cougar,0.013110117986798286
data\sand-cat\sd (28).jpg,sand-cat,tabby,0.44188007712364197,tiger_cat,0.17090117931365967,Egyptian_cat,0.10709572583436966,lynx,0.06685415655374527,Persian_cat,0.04059862717986107
data\sand-cat\sd (29).jpg,sand-cat,grey_fox,0.3125450909137726,lion,0.2948339879512787,kit_fox,0.1208377256989479,red_fox,0.03784286975860596,lynx,0.0362139455974102
data\sand-cat\sd (3).jpg,sand-cat,Egyptian_cat,0.7864978313446045,tabby,0.11334259808063507,tiger_cat,0.07818980515003204,lynx,0.004345271736383438,window_screen,0.002131284214556217
data\sand-cat\sd (30).jpg,sand-cat,Egyptian_cat,0.26556262373924255,grey_fox,0.20020540058612823,cougar,0.14647741615772247,lynx,0.09636183083057404,kit_fox,0.06366850435733795
data\sand-cat\sd (31).jpg,sand-cat,Egyptian_cat,0.5896350145339966,kit_fox,0.19522865116596222,lynx,0.1106264516711235,red_fox,0.03655034303665161,grey_fox,0.02437588945031166
data\sand-cat\sd (32).jpg,sand-cat,tiger_cat,0.15800215303897858,Egyptian_cat,0.1546754240989685,tabby,0.10271905362606049,doormat,0.049698054790496826,lynx,0.04860182851552963
data\sand-cat\sd (33).jpg,sand-cat,Egyptian_cat,0.4753410518169403,tiger_cat,0.2539440095424652,tabby,0.15710584819316864,Persian_cat,0.021274710074067116,lynx,0.01794167049229145
data\sand-cat\sd (34).jpg,sand-cat,cougar,0.6617110371589661,lynx,0.061927951872348785,grey_fox,0.05016297474503517,Egyptian_cat,0.037285320460796356,tiger_cat,0.035628724843263626
data\sand-cat\sd (35).jpg,sand-cat,Egyptian_cat,0.707905650138855,tiger_cat,0.1598694622516632,lynx,0.06627944856882095,tabby,0.04375120997428894,snow_leopard,0.00471873115748167
data\sand-cat\sd (36).jpg,sand-cat,grey_fox,0.2990698516368866,Egyptian_cat,0.150391086935997,Arctic_fox,0.14401033520698547,kit_fox,0.08043040335178375,tabby,0.05403710901737213
data\sand-cat\sd (37).jpg,sand-cat,lynx,0.5153471827507019,grey_fox,0.17693382501602173,cougar,0.1711893230676651,Egyptian_cat,0.06622905284166336,tiger_cat,0.01984027586877346
data\sand-cat\sd (38).jpg,sand-cat,kit_fox,0.7000483274459839,red_fox,0.17586049437522888,grey_fox,0.07524483650922775,Arctic_fox,0.025271253660321236,weasel,0.015915796160697937
data\sand-cat\sd (39).jpg,sand-cat,Egyptian_cat,0.37767481803894043,grey_fox,0.200814887881279,Arctic_fox,0.15345045924186707,cougar,0.08236908167600632,kit_fox,0.07839545607566833
data\sand-cat\sd (4).jpg,sand-cat,lynx,0.45256543159484863,Egyptian_cat,0.39873412251472473,lion,0.022523870691657066,cheetah,0.020597539842128754,tiger_cat,0.019565945491194725
data\sand-cat\sd (40).jpg,sand-cat,Persian_cat,0.8471102118492126,Egyptian_cat,0.052567604929208755,lynx,0.02962307259440422,tiger_cat,0.022995172068476677,tabby,0.01780916377902031
data\sand-cat\sd (41).jpg,sand-cat,Egyptian_cat,0.7542306780815125,lynx,0.10009953379631042,Siamese_cat,0.06729927659034729,tiger_cat,0.02783212810754776,tabby,0.02347850240767002
data\sand-cat\sd (42).jpg,sand-cat,Egyptian_cat,0.35849255323410034,grey_fox,0.34284839034080505,kit_fox,0.13990801572799683,red_fox,0.07862608879804611,lynx,0.02630516327917576
data\sand-cat\sd (43).jpg,sand-cat,Egyptian_cat,0.4287119209766388,cougar,0.14376550912857056,grey_fox,0.12006339430809021,Arctic_fox,0.09349129348993301,lynx,0.073863185942173
data\sand-cat\sd (44).jpg,sand-cat,Egyptian_cat,0.6489353775978088,lynx,0.17998093366622925,tiger_cat,0.08453778177499771,tabby,0.06828257441520691,grey_fox,0.0015738029032945633
data\sand-cat\sd (45).jpg,sand-cat,lynx,0.42861291766166687,Egyptian_cat,0.26623106002807617,tabby,0.15382607281208038,tiger_cat,0.03310723230242729,Persian_cat,0.015673469752073288
data\sand-cat\sd (46).jpg,sand-cat,Egyptian_cat,0.35236290097236633,lynx,0.2791455388069153,grey_fox,0.14670203626155853,kit_fox,0.08401844650506973,Arctic_fox,0.02609401009976864
data\sand-cat\sd (47).jpg,sand-cat,lynx,0.7433621287345886,Egyptian_cat,0.1469634473323822,tiger_cat,0.03402186930179596,plastic_bag,0.016706375405192375,snow_leopard,0.009223654866218567
data\sand-cat\sd (48).jpg,sand-cat,Egyptian_cat,0.7253656983375549,cougar,0.1343298703432083,grey_fox,0.04672933369874954,lynx,0.04208430275321007,kit_fox,0.015102473087608814
data\sand-cat\sd (49).jpg,sand-cat,grey_fox,0.8168219923973083,kit_fox,0.08088558167219162,lynx,0.04850504547357559,coyote,0.016542814671993256,dhole,0.009693130850791931
data\sand-cat\sd (5).jpg,sand-cat,Egyptian_cat,0.6577903032302856,tabby,0.14530478417873383,tiger_cat,0.07931602001190186,lynx,0.04665585979819298,cougar,0.006436288822442293
data\sand-cat\sd (50).jpg,sand-cat,coyote,0.3573199510574341,muzzle,0.2681141197681427,tiger,0.12450924515724182,tiger_cat,0.06898318976163864,lynx,0.03236570954322815
data\sand-cat\sd (51).jpg,sand-cat,Egyptian_cat,0.579828679561615,lynx,0.2958846986293793,tiger_cat,0.047617487609386444,tabby,0.0409717857837677,tiger,0.009619642049074173
data\sand-cat\sd (52).jpg,sand-cat,Persian_cat,0.5130475759506226,lynx,0.121298648416996,lion,0.08644231408834457,tabby,0.04366861656308174,tiger_cat,0.02436325140297413
data\sand-cat\sd (53).jpg,sand-cat,cougar,0.3429935872554779,grey_fox,0.3013962507247925,coyote,0.13586989045143127,kit_fox,0.056034743785858154,timber_wolf,0.041056182235479355
data\sand-cat\sd (54).jpg,sand-cat,lynx,0.38250818848609924,cougar,0.18546593189239502,tiger_cat,0.11107359826564789,Egyptian_cat,0.08613646775484085,grey_fox,0.06615590304136276
data\sand-cat\sd (55).jpg,sand-cat,kit_fox,0.37145137786865234,grey_fox,0.21399053931236267,Arctic_fox,0.07800774276256561,white_wolf,0.07219169288873672,red_fox,0.057026855647563934
data\sand-cat\sd (56).jpg,sand-cat,Egyptian_cat,0.6086438298225403,tiger_cat,0.20295646786689758,tabby,0.07098595052957535,lynx,0.06629964709281921,snow_leopard,0.008585733361542225
data\sand-cat\sd (57).jpg,sand-cat,Egyptian_cat,0.3611907958984375,tiger_cat,0.26511943340301514,tabby,0.18396641314029694,lynx,0.02607359178364277,Persian_cat,0.015067747794091702
data\sand-cat\sd (58).jpg,sand-cat,lynx,0.4235069453716278,Egyptian_cat,0.23863740265369415,cougar,0.1999536156654358,tiger_cat,0.08429580181837082,tabby,0.023024870082736015
data\sand-cat\sd (59).jpg,sand-cat,Egyptian_cat,0.5116855502128601,tabby,0.13676507771015167,plastic_bag,0.04216863587498665,tiger_cat,0.0383208803832531,Persian_cat,0.03642797842621803
data\sand-cat\sd (6).jpg,sand-cat,Egyptian_cat,0.2396257370710373,tiger_cat,0.23175010085105896,tabby,0.19311751425266266,lynx,0.038169268518686295,broom,0.02354748360812664
data\sand-cat\sd (60).jpg,sand-cat,lynx,0.7854556441307068,Egyptian_cat,0.157398983836174,kit_fox,0.02468656562268734,cougar,0.013182852417230606,red_fox,0.008542578667402267
data\sand-cat\sd (61).jpg,sand-cat,Egyptian_cat,0.8424862623214722,tiger_cat,0.07954034209251404,lynx,0.03510279580950737,tabby,0.03421992436051369,cougar,0.0022776531986892223
data\sand-cat\sd (62).jpg,sand-cat,cougar,0.8231551647186279,lynx,0.1360771358013153,lion,0.03179745376110077,tiger,0.0017076325602829456,snow_leopard,0.0014667435316368937
data\sand-cat\sd (63).jpg,sand-cat,Egyptian_cat,0.7574065923690796,lynx,0.09575799107551575,snow_leopard,0.03685341030359268,cougar,0.026948722079396248,tiger_cat,0.02600906230509281
data\sand-cat\sd (64).jpg,sand-cat,Egyptian_cat,0.43917256593704224,lynx,0.274758517742157,cougar,0.044829655438661575,Arctic_fox,0.04133334010839462,tiger_cat,0.02947687730193138
data\sand-cat\sd (65).jpg,sand-cat,Egyptian_cat,0.5173288583755493,lynx,0.1466752141714096,tiger_cat,0.12189491093158722,tabby,0.08815310150384903,snow_leopard,0.03639770671725273
data\sand-cat\sd (66).jpg,sand-cat,Egyptian_cat,0.7822224497795105,tabby,0.10148175060749054,tiger_cat,0.06174769252538681,lynx,0.01074413675814867,wombat,0.004255263134837151
data\sand-cat\sd (67).jpg,sand-cat,lynx,0.31470221281051636,tiger_cat,0.2961955666542053,cougar,0.12705457210540771,tabby,0.08003158867359161,snow_leopard,0.07540789991617203
data\sand-cat\sd (68).jpg,sand-cat,Egyptian_cat,0.7047014832496643,tabby,0.09739436209201813,tiger_cat,0.08231008052825928,lynx,0.027730856090784073,grey_fox,0.015743287280201912
data\sand-cat\sd (69).jpg,sand-cat,grey_fox,0.7234629392623901,kit_fox,0.09341983497142792,coyote,0.052125997841358185,timber_wolf,0.04365728422999382,white_wolf,0.03765948861837387
data\sand-cat\sd (7).jpg,sand-cat,lynx,0.5122472643852234,Egyptian_cat,0.11667457222938538,wombat,0.11369139701128006,tiger_cat,0.06964897364377975,snow_leopard,0.052103620022535324
data\sand-cat\sd (70).jpg,sand-cat,Egyptian_cat,0.5979565978050232,lynx,0.3315252363681793,tiger_cat,0.02463018335402012,tabby,0.015364930965006351,grey_fox,0.013251475989818573
data\sand-cat\sd (71).jpg,sand-cat,Egyptian_cat,0.5546982884407043,tabby,0.1137039065361023,tiger_cat,0.08071169257164001,lynx,0.06500717997550964,grey_fox,0.04622042924165726
data\sand-cat\sd (72).jpg,sand-cat,Egyptian_cat,0.45805397629737854,lynx,0.2798369824886322,tiger_cat,0.1486893594264984,tabby,0.06785715371370316,Persian_cat,0.01012355275452137
data\sand-cat\sd (8).jpg,sand-cat,lion,0.20507216453552246,cougar,0.12361537665128708,tiger,0.10745688527822495,Egyptian_cat,0.08832340687513351,lynx,0.05903160572052002
data\sand-cat\sd (9).jpg,sand-cat,fox_squirrel,0.25392115116119385,mink,0.16387909650802612,weasel,0.08745763450860977,mongoose,0.07102616876363754,lynx,0.061597246676683426
